Workbook

Sheet 看板
A2: 家电上门服务｜履约监控看板
A3: 600 条合成工单 · 2026-09-30 截止 · 北京时间
A6: 工单量 | D6: 准时上门率 | G6: 按期完工率 | J6: 投诉率 | M6: 异常闭环率
A7: =分组汇总!B9 -> 600 | D7: =分组汇总!D9 -> 0.78166667 | G7: =分组汇总!F9 -> 0.84333333 | J7: =分组汇总!H9 -> 0.066666667 | M7: =分组汇总!K9 -> 0.53932584
A10: 城市 | B10: 准时上门率 | C10: 按期完工率 | D10: 工单量
A11: =分组汇总!A6 -> 北京 | B11: =分组汇总!D6 -> 0.81746032 | C11: =分组汇总!F6 -> 0.88492063 | D11: =分组汇总!B6 -> 252
A12: =分组汇总!A7 -> 武汉 | B12: =分组汇总!D7 -> 0.77202073 | C12: =分组汇总!F7 -> 0.83937824 | D12: =分组汇总!B7 -> 193
A13: =分组汇总!A8 -> 重庆 | B13: =分组汇总!D8 -> 0.73548387 | C13: =分组汇总!F8 -> 0.78064516 | D13: =分组汇总!B8 -> 155
A18: 站点 | B18: 异常闭环率 | C18: 异常单数 | D18: 工单量
A19: =分组汇总!A22 -> BJ01 | B19: =分组汇总!K22 -> 0.34782609 | C19: =分组汇总!I22 -> 23 | D19: =分组汇总!B22 -> 128
A20: =分组汇总!A23 -> BJ02 | B20: =分组汇总!K23 -> 0.63157895 | C20: =分组汇总!I23 -> 38 | D20: =分组汇总!B23 -> 124
A21: =分组汇总!A24 -> WH01 | B21: =分组汇总!K24 -> 0.35 | C21: =分组汇总!I24 -> 20 | D21: =分组汇总!B24 -> 94
A22: =分组汇总!A25 -> WH02 | B22: =分组汇总!K25 -> 0.58974359 | C22: =分组汇总!I25 -> 39 | D22: =分组汇总!B25 -> 99
A23: =分组汇总!A26 -> CQ01 | B23: =分组汇总!K26 -> 0.53125 | C23: =分组汇总!I26 -> 32 | D23: =分组汇总!B26 -> 79
A24: =分组汇总!A27 -> CQ02 | B24: =分组汇总!K27 -> 0.65384615 | C24: =分组汇总!I27 -> 26 | D24: =分组汇总!B27 -> 76
A27: 待关注：WH02 上门异常 17/99；CQ01 完工异常 13/79。
A28: 站点差异是生成器预设的练习情景，不能推断真实根因或改善成效。
A30: 口径：准时上门／按期完工／投诉以 600 单为分母；闭环以 178 条异常为分母。

Sheet 分组汇总
A2: 分组汇总｜履约与异常闭环
A3: 2026-09-30 截止 · 北京时间 · 合成样本
A5: 分组 | B5: 工单量 | C5: 准时上门数 | D5: 准时上门率 | E5: 按期完工数 | F5: 按期完工率 | G5: 投诉数 | H5: 投诉率 | I5: 异常单数 | J5: 已闭环数 | K5: 异常闭环率
A6: 北京 | B6: =COUNTIF(工单明细!$B$2:$B$601,$A6) -> 252 | C6: =SUMIF(工单明细!$B$2:$B$601,$A6,工单明细!$Q$2:$Q$601) -> 206 | D6: =IFERROR(C6/B6,0) -> 0.81746032 | E6: =SUMIF(工单明细!$B$2:$B$601,$A6,工单明细!$R$2:$R$601) -> 223 | F6: =IFERROR(E6/B6,0) -> 0.88492063 | G6: =SUMIF(工单明细!$B$2:$B$601,$A6,工单明细!$O$2:$O$601) -> 14 | H6: =IFERROR(G6/B6,0) -> 0.055555556 | I6: =SUMIF(工单明细!$B$2:$B$601,$A6,工单明细!$S$2:$S$601) -> 61 | J6: =SUMIF(工单明细!$B$2:$B$601,$A6,工单明细!$T$2:$T$601) -> 32 | K6: =IFERROR(J6/I6,0) -> 0.52459016
A7: 武汉 | B7: =COUNTIF(工单明细!$B$2:$B$601,$A7) -> 193 | C7: =SUMIF(工单明细!$B$2:$B$601,$A7,工单明细!$Q$2:$Q$601) -> 149 | D7: =IFERROR(C7/B7,0) -> 0.77202073 | E7: =SUMIF(工单明细!$B$2:$B$601,$A7,工单明细!$R$2:$R$601) -> 162 | F7: =IFERROR(E7/B7,0) -> 0.83937824 | G7: =SUMIF(工单明细!$B$2:$B$601,$A7,工单明细!$O$2:$O$601) -> 10 | H7: =IFERROR(G7/B7,0) -> 0.051813472 | I7: =SUMIF(工单明细!$B$2:$B$601,$A7,工单明细!$S$2:$S$601) -> 59 | J7: =SUMIF(工单明细!$B$2:$B$601,$A7,工单明细!$T$2:$T$601) -> 30 | K7: =IFERROR(J7/I7,0) -> 0.50847458
A8: 重庆 | B8: =COUNTIF(工单明细!$B$2:$B$601,$A8) -> 155 | C8: =SUMIF(工单明细!$B$2:$B$601,$A8,工单明细!$Q$2:$Q$601) -> 114 | D8: =IFERROR(C8/B8,0) -> 0.73548387 | E8: =SUMIF(工单明细!$B$2:$B$601,$A8,工单明细!$R$2:$R$601) -> 121 | F8: =IFERROR(E8/B8,0) -> 0.78064516 | G8: =SUMIF(工单明细!$B$2:$B$601,$A8,工单明细!$O$2:$O$601) -> 16 | H8: =IFERROR(G8/B8,0) -> 0.10322581 | I8: =SUMIF(工单明细!$B$2:$B$601,$A8,工单明细!$S$2:$S$601) -> 58 | J8: =SUMIF(工单明细!$B$2:$B$601,$A8,工单明细!$T$2:$T$601) -> 34 | K8: =IFERROR(J8/I8,0) -> 0.5862069
A9: 合计 | B9: =SUM(B6:B8) -> 600 | C9: =SUM(C6:C8) -> 469 | D9: =IFERROR(C9/B9,0) -> 0.78166667 | E9: =SUM(E6:E8) -> 506 | F9: =IFERROR(E9/B9,0) -> 0.84333333 | G9: =SUM(G6:G8) -> 40 | H9: =IFERROR(G9/B9,0) -> 0.066666667 | I9: =SUM(I6:I8) -> 178 | J9: =SUM(J6:J8) -> 96 | K9: =IFERROR(J9/I9,0) -> 0.53932584
A13: 分组 | B13: 工单量 | C13: 准时上门数 | D13: 准时上门率 | E13: 按期完工数 | F13: 按期完工率 | G13: 投诉数 | H13: 投诉率 | I13: 异常单数 | J13: 已闭环数 | K13: 异常闭环率
A14: 安装 | B14: =COUNTIF(工单明细!$C$2:$C$601,$A14) -> 268 | C14: =SUMIF(工单明细!$C$2:$C$601,$A14,工单明细!$Q$2:$Q$601) -> 208 | D14: =IFERROR(C14/B14,0) -> 0.7761194 | E14: =SUMIF(工单明细!$C$2:$C$601,$A14,工单明细!$R$2:$R$601) -> 223 | F14: =IFERROR(E14/B14,0) -> 0.83208955 | G14: =SUMIF(工单明细!$C$2:$C$601,$A14,工单明细!$O$2:$O$601) -> 20 | H14: =IFERROR(G14/B14,0) -> 0.074626866 | I14: =SUMIF(工单明细!$C$2:$C$601,$A14,工单明细!$S$2:$S$601) -> 81 | J14: =SUMIF(工单明细!$C$2:$C$601,$A14,工单明细!$T$2:$T$601) -> 40 | K14: =IFERROR(J14/I14,0) -> 0.49382716
A15: 维修 | B15: =COUNTIF(工单明细!$C$2:$C$601,$A15) -> 245 | C15: =SUMIF(工单明细!$C$2:$C$601,$A15,工单明细!$Q$2:$Q$601) -> 192 | D15: =IFERROR(C15/B15,0) -> 0.78367347 | E15: =SUMIF(工单明细!$C$2:$C$601,$A15,工单明细!$R$2:$R$601) -> 209 | F15: =IFERROR(E15/B15,0) -> 0.85306122 | G15: =SUMIF(工单明细!$C$2:$C$601,$A15,工单明细!$O$2:$O$601) -> 16 | H15: =IFERROR(G15/B15,0) -> 0.065306122 | I15: =SUMIF(工单明细!$C$2:$C$601,$A15,工单明细!$S$2:$S$601) -> 76 | J15: =SUMIF(工单明细!$C$2:$C$601,$A15,工单明细!$T$2:$T$601) -> 46 | K15: =IFERROR(J15/I15,0) -> 0.60526316
A16: 拆旧 | B16: =COUNTIF(工单明细!$C$2:$C$601,$A16) -> 87 | C16: =SUMIF(工单明细!$C$2:$C$601,$A16,工单明细!$Q$2:$Q$601) -> 69 | D16: =IFERROR(C16/B16,0) -> 0.79310345 | E16: =SUMIF(工单明细!$C$2:$C$601,$A16,工单明细!$R$2:$R$601) -> 74 | F16: =IFERROR(E16/B16,0) -> 0.85057471 | G16: =SUMIF(工单明细!$C$2:$C$601,$A16,工单明细!$O$2:$O$601) -> 4 | H16: =IFERROR(G16/B16,0) -> 0.045977011 | I16: =SUMIF(工单明细!$C$2:$C$601,$A16,工单明细!$S$2:$S$601) -> 21 | J16: =SUMIF(工单明细!$C$2:$C$601,$A16,工单明细!$T$2:$T$601) -> 10 | K16: =IFERROR(J16/I16,0) -> 0.47619048
A17: 合计 | B17: =SUM(B14:B16) -> 600 | C17: =SUM(C14:C16) -> 469 | D17: =IFERROR(C17/B17,0) -> 0.78166667 | E17: =SUM(E14:E16) -> 506 | F17: =IFERROR(E17/B17,0) -> 0.84333333 | G17: =SUM(G14:G16) -> 40 | H17: =IFERROR(G17/B17,0) -> 0.066666667 | I17: =SUM(I14:I16) -> 178 | J17: =SUM(J14:J16) -> 96 | K17: =IFERROR(J17/I17,0) -> 0.53932584
A21: 分组 | B21: 工单量 | C21: 准时上门数 | D21: 准时上门率 | E21: 按期完工数 | F21: 按期完工率 | G21: 投诉数 | H21: 投诉率 | I21: 异常单数 | J21: 已闭环数 | K21: 异常闭环率
A22: BJ01 | B22: =COUNTIF(工单明细!$D$2:$D$601,$A22) -> 128 | C22: =SUMIF(工单明细!$D$2:$D$601,$A22,工单明细!$Q$2:$Q$601) -> 108 | D22: =IFERROR(C22/B22,0) -> 0.84375 | E22: =SUMIF(工单明细!$D$2:$D$601,$A22,工单明细!$R$2:$R$601) -> 115 | F22: =IFERROR(E22/B22,0) -> 0.8984375 | G22: =SUMIF(工单明细!$D$2:$D$601,$A22,工单明细!$O$2:$O$601) -> 6 | H22: =IFERROR(G22/B22,0) -> 0.046875 | I22: =SUMIF(工单明细!$D$2:$D$601,$A22,工单明细!$S$2:$S$601) -> 23 | J22: =SUMIF(工单明细!$D$2:$D$601,$A22,工单明细!$T$2:$T$601) -> 8 | K22: =IFERROR(J22/I22,0) -> 0.34782609
A23: BJ02 | B23: =COUNTIF(工单明细!$D$2:$D$601,$A23) -> 124 | C23: =SUMIF(工单明细!$D$2:$D$601,$A23,工单明细!$Q$2:$Q$601) -> 98 | D23: =IFERROR(C23/B23,0) -> 0.79032258 | E23: =SUMIF(工单明细!$D$2:$D$601,$A23,工单明细!$R$2:$R$601) -> 108 | F23: =IFERROR(E23/B23,0) -> 0.87096774 | G23: =SUMIF(工单明细!$D$2:$D$601,$A23,工单明细!$O$2:$O$601) -> 8 | H23: =IFERROR(G23/B23,0) -> 0.064516129 | I23: =SUMIF(工单明细!$D$2:$D$601,$A23,工单明细!$S$2:$S$601) -> 38 | J23: =SUMIF(工单明细!$D$2:$D$601,$A23,工单明细!$T$2:$T$601) -> 24 | K23: =IFERROR(J23/I23,0) -> 0.63157895
A24: WH01 | B24: =COUNTIF(工单明细!$D$2:$D$601,$A24) -> 94 | C24: =SUMIF(工单明细!$D$2:$D$601,$A24,工单明细!$Q$2:$Q$601) -> 78 | D24: =IFERROR(C24/B24,0) -> 0.82978723 | E24: =SUMIF(工单明细!$D$2:$D$601,$A24,工单明细!$R$2:$R$601) -> 81 | F24: =IFERROR(E24/B24,0) -> 0.86170213 | G24: =SUMIF(工单明细!$D$2:$D$601,$A24,工单明细!$O$2:$O$601) -> 4 | H24: =IFERROR(G24/B24,0) -> 0.042553191 | I24: =SUMIF(工单明细!$D$2:$D$601,$A24,工单明细!$S$2:$S$601) -> 20 | J24: =SUMIF(工单明细!$D$2:$D$601,$A24,工单明细!$T$2:$T$601) -> 7 | K24: =IFERROR(J24/I24,0) -> 0.35
A25: WH02 | B25: =COUNTIF(工单明细!$D$2:$D$601,$A25) -> 99 | C25: =SUMIF(工单明细!$D$2:$D$601,$A25,工单明细!$Q$2:$Q$601) -> 71 | D25: =IFERROR(C25/B25,0) -> 0.71717172 | E25: =SUMIF(工单明细!$D$2:$D$601,$A25,工单明细!$R$2:$R$601) -> 81 | F25: =IFERROR(E25/B25,0) -> 0.81818182 | G25: =SUMIF(工单明细!$D$2:$D$601,$A25,工单明细!$O$2:$O$601) -> 6 | H25: =IFERROR(G25/B25,0) -> 0.060606061 | I25: =SUMIF(工单明细!$D$2:$D$601,$A25,工单明细!$S$2:$S$601) -> 39 | J25: =SUMIF(工单明细!$D$2:$D$601,$A25,工单明细!$T$2:$T$601) -> 23 | K25: =IFERROR(J25/I25,0) -> 0.58974359
A26: CQ01 | B26: =COUNTIF(工单明细!$D$2:$D$601,$A26) -> 79 | C26: =SUMIF(工单明细!$D$2:$D$601,$A26,工单明细!$Q$2:$Q$601) -> 60 | D26: =IFERROR(C26/B26,0) -> 0.75949367 | E26: =SUMIF(工单明细!$D$2:$D$601,$A26,工单明细!$R$2:$R$601) -> 56 | F26: =IFERROR(E26/B26,0) -> 0.70886076 | G26: =SUMIF(工单明细!$D$2:$D$601,$A26,工单明细!$O$2:$O$601) -> 9 | H26: =IFERROR(G26/B26,0) -> 0.11392405 | I26: =SUMIF(工单明细!$D$2:$D$601,$A26,工单明细!$S$2:$S$601) -> 32 | J26: =SUMIF(工单明细!$D$2:$D$601,$A26,工单明细!$T$2:$T$601) -> 17 | K26: =IFERROR(J26/I26,0) -> 0.53125
A27: CQ02 | B27: =COUNTIF(工单明细!$D$2:$D$601,$A27) -> 76 | C27: =SUMIF(工单明细!$D$2:$D$601,$A27,工单明细!$Q$2:$Q$601) -> 54 | D27: =IFERROR(C27/B27,0) -> 0.71052632 | E27: =SUMIF(工单明细!$D$2:$D$601,$A27,工单明细!$R$2:$R$601) -> 65 | F27: =IFERROR(E27/B27,0) -> 0.85526316 | G27: =SUMIF(工单明细!$D$2:$D$601,$A27,工单明细!$O$2:$O$601) -> 7 | H27: =IFERROR(G27/B27,0) -> 0.092105263 | I27: =SUMIF(工单明细!$D$2:$D$601,$A27,工单明细!$S$2:$S$601) -> 26 | J27: =SUMIF(工单明细!$D$2:$D$601,$A27,工单明细!$T$2:$T$601) -> 17 | K27: =IFERROR(J27/I27,0) -> 0.65384615
A28: 合计 | B28: =SUM(B22:B27) -> 600 | C28: =SUM(C22:C27) -> 469 | D28: =IFERROR(C28/B28,0) -> 0.78166667 | E28: =SUM(E22:E27) -> 506 | F28: =IFERROR(E28/B28,0) -> 0.84333333 | G28: =SUM(G22:G27) -> 40 | H28: =IFERROR(G28/B28,0) -> 0.066666667 | I28: =SUM(I22:I27) -> 178 | J28: =SUM(J22:J27) -> 96 | K28: =IFERROR(J28/I28,0) -> 0.53932584
A31: 主要异常 | B31: 工单量
A32: 无 | B32: =COUNTIF(工单明细!$V$2:$V$601,A32) -> 422
A33: 派单超时 | B33: =COUNTIF(工单明细!$V$2:$V$601,A33) -> 52
A34: 上门超时 | B34: =COUNTIF(工单明细!$V$2:$V$601,A34) -> 79
A35: 完工超时 | B35: =COUNTIF(工单明细!$V$2:$V$601,A35) -> 47
A36: 合计 | B36: =SUM(B32:B35) -> 600
A38: 源标签一致数 | B38: =SUM(工单明细!W2:W601) -> 600
A39: 分母：准时、按期、投诉均为全部有效工单；闭环率分母仅为异常单。
A40: 原始时间改动后计算异常类型会联动；“源标签一致数”低于 600 时应核查原始标签。

Sheet 透视_城市工单量
A3: 行标签 | B3: 计数项:order_id
A4: 北京 | B4: 252
A5: 武汉 | B5: 193
A6: 重庆 | B6: 155
A7: 总计 | B7: 600

Sheet 工单明细
A1: order_id | B1: city | C1: service_type | D1: site_id | E1: created_at | F1: dispatched_at | G1: appointment_deadline | H1: arrived_at | I1: completion_deadline | J1: completed_at | K1: order_status | L1: primary_exception | M1: exception_detected_at | N1: exception_closed_at | O1: complaint_flag | P1: rating | Q1: 准时上门标记 | R1: 按期完工标记 | S1: 异常标记 | T1: 已闭环标记 | U1: 待闭环标记 | V1: 计算异常类型 | W1: 源标签一致 | Y1: 来源：03_模拟工单.csv；600 条合成工单，模拟规则见 03_模拟数据说明与验收.md
A2: HS2026080001 | B2: 北京 | C2: 维修 | D2: BJ02 | E2: 46235.333 | F2: 46235.38 | G2: 46238.625 | H2: 46238.64 | I2: 46238.833 | J2: 46238.692 | K2: 已完工 | L2: 上门超时 | M2: 46238.625 | N2: 46238.934 | O2: 0 | P2: 2 | Q2: =IF(AND(ISNUMBER(H2),H2<=G2),1,0) -> 0 | R2: =IF(AND(ISNUMBER(J2),J2<=I2),1,0) -> 1 | S2: =IF(V2="无",0,1) -> 1 | T2: =IF(AND(S2=1,ISNUMBER(N2)),1,0) -> 1 | U2: =IF(AND(S2=1,T2=0),1,0) -> 0 | V2: =IF(AND(ISNUMBER(F2),F2<=G2),IF(AND(ISNUMBER(H2),H2<=G2),IF(AND(ISNUMBER(J2),J2<=I2),"无","完工超时"),"上门超时"),"派单超时") -> 上门超时 | W2: =IF(L2=V2,1,0) -> 1 | Y2: A:P 为原始字段；Q:W 为公式计算列。时间修改后异常类型会重算，W 列提示源标签是否同步。
A3: HS2026080002 | B3: 北京 | C3: 维修 | D3: BJ02 | E3: 46235.358 | F3: 46235.464 | G3: 46237.708 | H3: 46237.684 | I3: 46237.917 | J3: 46237.731 | K3: 已完工 | L3: 无 | O3: 0 | P3: 5 | Q3: =IF(AND(ISNUMBER(H3),H3<=G3),1,0) -> 1 | R3: =IF(AND(ISNUMBER(J3),J3<=I3),1,0) -> 1 | S3: =IF(V3="无",0,1) -> 0 | T3: =IF(AND(S3=1,ISNUMBER(N3)),1,0) -> 0 | U3: =IF(AND(S3=1,T3=0),1,0) -> 0 | V3: =IF(AND(ISNUMBER(F3),F3<=G3),IF(AND(ISNUMBER(H3),H3<=G3),IF(AND(ISNUMBER(J3),J3<=I3),"无","完工超时"),"上门超时"),"派单超时") -> 无 | W3: =IF(L3=V3,1,0) -> 1
A4: HS2026080003 | B4: 北京 | C4: 安装 | D4: BJ02 | E4: 46235.368 | F4: 46235.501 | G4: 46236.625 | H4: 46236.679 | I4: 46236.792 | J4: 46236.748 | K4: 已完工 | L4: 上门超时 | M4: 46236.625 | O4: 1 | P4: 2 | Q4: =IF(AND(ISNUMBER(H4),H4<=G4),1,0) -> 0 | R4: =IF(AND(ISNUMBER(J4),J4<=I4),1,0) -> 1 | S4: =IF(V4="无",0,1) -> 1 | T4: =IF(AND(S4=1,ISNUMBER(N4)),1,0) -> 0 | U4: =IF(AND(S4=1,T4=0),1,0) -> 1 | V4: =IF(AND(ISNUMBER(F4),F4<=G4),IF(AND(ISNUMBER(H4),H4<=G4),IF(AND(ISNUMBER(J4),J4<=I4),"无","完工超时"),"上门超时"),"派单超时") -> 上门超时 | W4: =IF(L4=V4,1,0) -> 1
A5: HS2026080004 | B5: 武汉 | C5: 维修 | D5: WH01 | E5: 46235.392 | F5: 46235.494 | G5: 46237.417 | H5: 46237.376 | I5: 46237.625 | J5: 46237.447 | K5: 已完工 | L5: 无 | O5: 1 | P5: 1 | Q5: =IF(AND(ISNUMBER(H5),H5<=G5),1,0) -> 1 | R5: =IF(AND(ISNUMBER(J5),J5<=I5),1,0) -> 1 | S5: =IF(V5="无",0,1) -> 0 | T5: =IF(AND(S5=1,ISNUMBER(N5)),1,0) -> 0 | U5: =IF(AND(S5=1,T5=0),1,0) -> 0 | V5: =IF(AND(ISNUMBER(F5),F5<=G5),IF(AND(ISNUMBER(H5),H5<=G5),IF(AND(ISNUMBER(J5),J5<=I5),"无","完工超时"),"上门超时"),"派单超时") -> 无 | W5: =IF(L5=V5,1,0) -> 1
A6: HS2026080005 | B6: 北京 | C6: 安装 | D6: BJ01 | E6: 46235.396 | F6: 46235.52 | G6: 46236.625 | H6: 46236.589 | I6: 46236.792 | J6: 46236.645 | K6: 已完工 | L6: 无 | O6: 0 | P6: 5 | Q6: =IF(AND(ISNUMBER(H6),H6<=G6),1,0) -> 1 | R6: =IF(AND(ISNUMBER(J6),J6<=I6),1,0) -> 1 | S6: =IF(V6="无",0,1) -> 0 | T6: =IF(AND(S6=1,ISNUMBER(N6)),1,0) -> 0 | U6: =IF(AND(S6=1,T6=0),1,0) -> 0 | V6: =IF(AND(ISNUMBER(F6),F6<=G6),IF(AND(ISNUMBER(H6),H6<=G6),IF(AND(ISNUMBER(J6),J6<=I6),"无","完工超时"),"上门超时"),"派单超时") -> 无 | W6: =IF(L6=V6,1,0) -> 1
A7: HS2026080006 | B7: 重庆 | C7: 安装 | D7: CQ01 | E7: 46235.427 | F7: 46235.506 | G7: 46236.708 | H7: 46236.681 | I7: 46236.875 | K7: 未完工 | L7: 完工超时 | M7: 46236.875 | O7: 0 | Q7: =IF(AND(ISNUMBER(H7),H7<=G7),1,0) -> 1 | R7: =IF(AND(ISNUMBER(J7),J7<=I7),1,0) -> 0 | S7: =IF(V7="无",0,1) -> 1 | T7: =IF(AND(S7=1,ISNUMBER(N7)),1,0) -> 0 | U7: =IF(AND(S7=1,T7=0),1,0) -> 1 | V7: =IF(AND(ISNUMBER(F7),F7<=G7),IF(AND(ISNUMBER(H7),H7<=G7),IF(AND(ISNUMBER(J7),J7<=I7),"无","完工超时"),"上门超时"),"派单超时") -> 完工超时 | W7: =IF(L7=V7,1,0) -> 1
A8: HS2026080007 | B8: 北京 | C8: 安装 | D8: BJ01 | E8: 46235.469 | F8: 46235.517 | G8: 46236.708 | H8: 46236.7 | I8: 46236.875 | J8: 46236.786 | K8: 已完工 | L8: 无 | O8: 0 | P8: 5 | Q8: =IF(AND(ISNUMBER(H8),H8<=G8),1,0) -> 1 | R8: =IF(AND(ISNUMBER(J8),J8<=I8),1,0) -> 1 | S8: =IF(V8="无",0,1) -> 0 | T8: =IF(AND(S8=1,ISNUMBER(N8)),1,0) -> 0 | U8: =IF(AND(S8=1,T8=0),1,0) -> 0 | V8: =IF(AND(ISNUMBER(F8),F8<=G8),IF(AND(ISNUMBER(H8),H8<=G8),IF(AND(ISNUMBER(J8),J8<=I8),"无","完工超时"),"上门超时"),"派单超时") -> 无 | W8: =IF(L8=V8,1,0) -> 1
A9: HS2026080008 | B9: 重庆 | C9: 安装 | D9: CQ02 | E9: 46235.472 | F9: 46235.544 | G9: 46236.708 | H9: 46236.726 | I9: 46236.875 | J9: 46236.775 | K9: 已完工 | L9: 上门超时 | M9: 46236.708 | N9: 46236.853 | O9: 0 | P9: 4 | Q9: =IF(AND(ISNUMBER(H9),H9<=G9),1,0) -> 0 | R9: =IF(AND(ISNUMBER(J9),J9<=I9),1,0) -> 1 | S9: =IF(V9="无",0,1) -> 1 | T9: =IF(AND(S9=1,ISNUMBER(N9)),1,0) -> 1 | U9: =IF(AND(S9=1,T9=0),1,0) -> 0 | V9: =IF(AND(ISNUMBER(F9),F9<=G9),IF(AND(ISNUMBER(H9),H9<=G9),IF(AND(ISNUMBER(J9),J9<=I9),"无","完工超时"),"上门超时"),"派单超时") -> 上门超时 | W9: =IF(L9=V9,1,0) -> 1
A10: HS2026080009 | B10: 武汉 | C10: 维修 | D10: WH01 | E10: 46235.479 | F10: 46235.591 | G10: 46236.625 | H10: 46236.594 | I10: 46236.833 | J10: 46236.656 | K10: 已完工 | L10: 无 | O10: 0 | P10: 5 | Q10: =IF(AND(ISNUMBER(H10),H10<=G10),1,0) -> 1 | R10: =IF(AND(ISNUMBER(J10),J10<=I10),1,0) -> 1 | S10: =IF(V10="无",0,1) -> 0 | T10: =IF(AND(S10=1,ISNUMBER(N10)),1,0) -> 0 | U10: =IF(AND(S10=1,T10=0),1,0) -> 0 | V10: =IF(AND(ISNUMBER(F10),F10<=G10),IF(AND(ISNUMBER(H10),H10<=G10),IF(AND(ISNUMBER(J10),J10<=I10),"无","完工超时"),"上门超时"),"派单超时") -> 无 | W10: =IF(L10=V10,1,0) -> 1
A11: HS2026080010 | B11: 重庆 | C11: 安装 | D11: CQ02 | E11: 46235.493 | F11: 46235.567 | G11: 46236.417 | H11: 46236.435 | I11: 46236.583 | J11: 46236.485 | K11: 已完工 | L11: 上门超时 | M11: 46236.417 | N11: 46236.595 | O11: 0 | P11: 2 | Q11: =IF(AND(ISNUMBER(H11),H11<=G11),1,0) -> 0 | R11: =IF(AND(ISNUMBER(J11),J11<=I11),1,0) -> 1 | S11: =IF(V11="无",0,1) -> 1 | T11: =IF(AND(S11=1,ISNUMBER(N11)),1,0) -> 1 | U11: =IF(AND(S11=1,T11=0),1,0) -> 0 | V11: =IF(AND(ISNUMBER(F11),F11<=G11),IF(AND(ISNUMBER(H11),H11<=G11),IF(AND(ISNUMBER(J11),J11<=I11),"无","完工超时"),"上门超时"),"派单超时") -> 上门超时 | W11: =IF(L11=V11,1,0) -> 1
A12: HS2026080011 | B12: 武汉 | C12: 维修 | D12: WH01 | E12: 46235.5 | F12: 46235.567 | G12: 46236.5 | H12: 46236.463 | I12: 46236.708 | J12: 46236.541 | K12: 已完工 | L12: 无 | O12: 0 | P12: 5 | Q12: =IF(AND(ISNUMBER(H12),H12<=G12),1,0) -> 1 | R12: =IF(AND(ISNUMBER(J12),J12<=I12),1,0) -> 1 | S12: =IF(V12="无",0,1) -> 0 | T12: =IF(AND(S12=1,ISNUMBER(N12)),1,0) -> 0 | U12: =IF(AND(S12=1,T12=0),1,0) -> 0 | V12: =IF(AND(ISNUMBER(F12),F12<=G12),IF(AND(ISNUMBER(H12),H12<=G12),IF(AND(ISNUMBER(J12),J12<=I12),"无","完工超时"),"上门超时"),"派单超时") -> 无 | W12: =IF(L12=V12,1,0) -> 1
A13: HS2026080012 | B13: 武汉 | C13: 安装 | D13: WH01 | E13: 46235.517 | F13: 46235.61 | G13: 46236.625 | H13: 46236.574 | I13: 46236.792 | J13: 46236.612 | K13: 已完工 | L13: 无 | O13: 0 | P13: 5 | Q13: =IF(AND(ISNUMBER(H13),H13<=G13),1,0) -> 1 | R13: =IF(AND(ISNUMBER(J13),J13<=I13),1,0) -> 1 | S13: =IF(V13="无",0,1) -> 0 | T13: =IF(AND(S13=1,ISNUMBER(N13)),1,0) -> 0 | U13: =IF(AND(S13=1,T13=0),1,0) -> 0 | V13: =IF(AND(ISNUMBER(F13),F13<=G13),IF(AND(ISNUMBER(H13),H13<=G13),IF(AND(ISNUMBER(J13),J13<=I13),"无","完工超时"),"上门超时"),"派单超时") -> 无 | W13: =IF(L13=V13,1,0) -> 1
A14: HS2026080013 | B14: 武汉 | C14: 维修 | D14: WH02 | E14: 46235.535 | G14: 46237.5 | I14: 46237.708 | K14: 未完工 | L14: 派单超时 | M14: 46237.5 | O14: 1 | Q14: =IF(AND(ISNUMBER(H14),H14<=G14),1,0) -> 0 | R14: =IF(AND(ISNUMBER(J14),J14<=I14),1,0) -> 0 | S14: =IF(V14="无",0,1) -> 1 | T14: =IF(AND(S14=1,ISNUMBER(N14)),1,0) -> 0 | U14: =IF(AND(S14=1,T14=0),1,0) -> 1 | V14: =IF(AND(ISNUMBER(F14),F14<=G14),IF(AND(ISNUMBER(H14),H14<=G14),IF(AND(ISNUMBER(J14),J14<=I14),"无","完工超时"),"上门超时"),"派单超时") -> 派单超时 | W14: =IF(L14=V14,1,0) -> 1
A15: HS2026080014 | B15: 重庆 | C15: 维修 | D15: CQ02 | E15: 46235.542 | F15: 46235.69 | G15: 46238.417 | H15: 46238.406 | I15: 46238.625 | J15: 46238.5 | K15: 已完工 | L15: 无 | O15: 0 | P15: 5 | Q15: =IF(AND(ISNUMBER(H15),H15<=G15),1,0) -> 1 | R15: =IF(AND(ISNUMBER(J15),J15<=I15),1,0) -> 1 | S15: =IF(V15="无",0,1) -> 0 | T15: =IF(AND(S15=1,ISNUMBER(N15)),1,0) -> 0 | U15: =IF(AND(S15=1,T15=0),1,0) -> 0 | V15: =IF(AND(ISNUMBER(F15),F15<=G15),IF(AND(ISNUMBER(H15),H15<=G15),IF(AND(ISNUMBER(J15),J15<=I15),"无","完工超时"),"上门超时"),"派单超时") -> 无 | W15: =IF(L15=V15,1,0) -> 1
A16: HS2026080015 | B16: 武汉 | C16: 安装 | D16: WH01 | E16: 46235.556 | F16: 46235.58 | G16: 46236.625 | H16: 46236.674 | I16: 46236.792 | J16: 46236.776 | K16: 已完工 | L16: 上门超时 | M16: 46236.625 | O16: 0 | P16: 3 | Q16: =IF(AND(ISNUMBER(H16),H16<=G16),1,0) -> 0 | R16: =IF(AND(ISNUMBER(J16),J16<=I16),1,0) -> 1 | S16: =IF(V16="无",0,1) -> 1 | T16: =IF(AND(S16=1,ISNUMBER(N16)),1,0) -> 0 | U16: =IF(AND(S16=1,T16=0),1,0) -> 1 | V16: =IF(AND(ISNUMBER(F16),F16<=G16),IF(AND(ISNUMBER(H16),H16<=G16),IF(AND(ISNUMBER(J16),J16<=I16),"无","完工超时"),"上门超时"),"派单超时") -> 上门超时 | W16: =IF(L16=V16,1,0) -> 1
A17: HS2026080016 | B17: 武汉 | C17: 安装 | D17: WH01 | E17: 46235.559 | F17: 46235.647 | G17: 46237.625 | H17: 46237.592 | I17: 46237.792 | J17: 46237.662 | K17: 已完工 | L17: 无 | O17: 0 | P17: 4 | Q17: =IF(AND(ISNUMBER(H17),H17<=G17),1,0) -> 1 | R17: =IF(AND(ISNUMBER(J17),J17<=I17),1,0) -> 1 | S17: =IF(V17="无",0,1) -> 0 | T17: =IF(AND(S17=1,ISNUMBER(N17)),1,0) -> 0 | U17: =IF(AND(S17=1,T17=0),1,0) -> 0 | V17: =IF(AND(ISNUMBER(F17),F17<=G17),IF(AND(ISNUMBER(H17),H17<=G17),IF(AND(ISNUMBER(J17),J17<=I17),"无","完工超时"),"上门超时"),"派单超时") -> 无 | W17: =IF(L17=V17,1,0) -> 1
A18: HS2026080017 | B18: 武汉 | C18: 维修 | D18: WH02 | E18: 46235.562 | G18: 46236.708 | I18: 46236.917 | K18: 未完工 | L18: 派单超时 | M18: 46236.708 | O18: 0 | Q18: =IF(AND(ISNUMBER(H18),H18<=G18),1,0) -> 0 | R18: =IF(AND(ISNUMBER(J18),J18<=I18),1,0) -> 0 | S18: =IF(V18="无",0,1) -> 1 | T18: =IF(AND(S18=1,ISNUMBER(N18)),1,0) -> 0 | U18: =IF(AND(S18=1,T18=0),1,0) -> 1 | V18: =IF(AND(ISNUMBER(F18),F18<=G18),IF(AND(ISNUMBER(H18),H18<=G18),IF(AND(ISNUMBER(J18),J18<=I18),"无","完工超时"),"上门超时"),"派单超时") -> 派单超时 | W18: =IF(L18=V18,1,0) -> 1
A19: HS2026080018 | B19: 重庆 | C19: 安装 | D19: CQ02 | E19: 46235.594 | F19: 46235.733 | G19: 46236.417 | H19: 46236.482 | I19: 46236.583 | J19: 46236.574 | K19: 已完工 | L19: 上门超时 | M19: 46236.417 | N19: 46236.789 | O19: 0 | P19: 2 | Q19: =IF(AND(ISNUMBER(H19),H19<=G19),1,0) -> 0 | R19: =IF(AND(ISNUMBER(J19),J19<=I19),1,0) -> 1 | S19: =IF(V19="无",0,1) -> 1 | T19: =IF(AND(S19=1,ISNUMBER(N19)),1,0) -> 1 | U19: =IF(AND(S19=1,T19=0),1,0) -> 0 | V19: =IF(AND(ISNUMBER(F19),F19<=G19),IF(AND(ISNUMBER(H19),H19<=G19),IF(AND(ISNUMBER(J19),J19<=I19),"无","完工超时"),"上门超时"),"派单超时") -> 上门超时 | W19: =IF(L19=V19,1,0) -> 1
A20: HS2026080019 | B20: 北京 | C20: 维修 | D20: BJ02 | E20: 46235.681 | F20: 46235.772 | G20: 46237.417 | H20: 46237.384 | I20: 46237.625 | J20: 46237.486 | K20: 已完工 | L20: 无 | O20: 0 | P20: 5 | Q20: =IF(AND(ISNUMBER(H20),H20<=G20),1,0) -> 1 | R20: =IF(AND(ISNUMBER(J20),J20<=I20),1,0) -> 1 | S20: =IF(V20="无",0,1) -> 0 | T20: =IF(AND(S20=1,ISNUMBER(N20)),1,0) -> 0 | U20: =IF(AND(S20=1,T20=0),1,0) -> 0 | V20: =IF(AND(ISNUMBER(F20),F20<=G20),IF(AND(ISNUMBER(H20),H20<=G20),IF(AND(ISNUMBER(J20),J20<=I20),"无","完工超时"),"上门超时"),"派单超时") -> 无 | W20: =IF(L20=V20,1,0) -> 1
A21: HS2026080020 | B21: 重庆 | C21: 安装 | D21: CQ02 | E21: 46235.681 | F21: 46235.739 | G21: 46237.417 | H21: 46237.383 | I21: 46237.583 | J21: 46237.483 | K21: 已完工 | L21: 无 | O21: 1 | P21: 2 | Q21: =IF(AND(ISNUMBER(H21),H21<=G21),1,0) -> 1 | R21: =IF(AND(ISNUMBER(J21),J21<=I21),1,0) -> 1 | S21: =IF(V21="无",0,1) -> 0 | T21: =IF(AND(S21=1,ISNUMBER(N21)),1,0) -> 0 | U21: =IF(AND(S21=1,T21=0),1,0) -> 0 | V21: =IF(AND(ISNUMBER(F21),F21<=G21),IF(AND(ISNUMBER(H21),H21<=G21),IF(AND(ISNUMBER(J21),J21<=I21),"无","完工超时"),"上门超时"),"派单超时") -> 无 | W21: =IF(L21=V21,1,0) -> 1
A22: HS2026080021 | B22: 重庆 | C22: 拆旧 | D22: CQ01 | E22: 46235.688 | F22: 46235.771 | G22: 46236.708 | H22: 46236.667 | I22: 46236.833 | J22: 46236.731 | K22: 已完工 | L22: 无 | O22: 0 | P22: 5 | Q22: =IF(AND(ISNUMBER(H22),H22<=G22),1,0) -> 1 | R22: =IF(AND(ISNUMBER(J22),J22<=I22),1,0) -> 1 | S22: =IF(V22="无",0,1) -> 0 | T22: =IF(AND(S22=1,ISNUMBER(N22)),1,0) -> 0 | U22: =IF(AND(S22=1,T22=0),1,0) -> 0 | V22: =IF(AND(ISNUMBER(F22),F22<=G22),IF(AND(ISNUMBER(H22),H22<=G22),IF(AND(ISNUMBER(J22),J22<=I22),"无","完工超时"),"上门超时"),"派单超时") -> 无 | W22: =IF(L22=V22,1,0) -> 1
A23: HS2026080022 | B23: 重庆 | C23: 维修 | D23: CQ02 | E23: 46235.708 | F23: 46235.82 | G23: 46238.417 | H23: 46238.407 | I23: 46238.625 | J23: 46238.707 | K23: 已完工 | L23: 完工超时 | M23: 46238.625 | O23: 0 | P23: 4 | Q23: =IF(AND(ISNUMBER(H23),H23<=G23),1,0) -> 1 | R23: =IF(AND(ISNUMBER(J23),J23<=I23),1,0) -> 0 | S23: =IF(V23="无",0,1) -> 1 | T23: =IF(AND(S23=1,ISNUMBER(N23)),1,0) -> 0 | U23: =IF(AND(S23=1,T23=0),1,0) -> 1 | V23: =IF(AND(ISNUMBER(F23),F23<=G23),IF(AND(ISNUMBER(H23),H23<=G23),IF(AND(ISNUMBER(J23),J23<=I23),"无","完工超时"),"上门超时"),"派单超时") -> 完工超时 | W23: =IF(L23=V23,1,0) -> 1
A24: HS2026080023 | B24: 北京 | C24: 安装 | D24: BJ01 | E24: 46235.774 | F24: 46235.811 | G24: 46236.5 | H24: 46236.487 | I24: 46236.667 | J24: 46236.562 | K24: 已完工 | L24: 无 | O24: 0 | P24: 5 | Q24: =IF(AND(ISNUMBER(H24),H24<=G24),1,0) -> 1 | R24: =IF(AND(ISNUMBER(J24),J24<=I24),1,0) -> 1 | S24: =IF(V24="无",0,1) -> 0 | T24: =IF(AND(S24=1,ISNUMBER(N24)),1,0) -> 0 | U24: =IF(AND(S24=1,T24=0),1,0) -> 0 | V24: =IF(AND(ISNUMBER(F24),F24<=G24),IF(AND(ISNUMBER(H24),H24<=G24),IF(AND(ISNUMBER(J24),J24<=I24),"无","完工超时"),"上门超时"),"派单超时") -> 无 | W24: =IF(L24=V24,1,0) -> 1
A25: HS2026080024 | B25: 重庆 | C25: 安装 | D25: CQ02 | E25: 46235.785 | F25: 46235.882 | G25: 46236.417 | H25: 46236.391 | I25: 46236.583 | J25: 46236.428 | K25: 已完工 | L25: 无 | O25: 0 | P25: 4 | Q25: =IF(AND(ISNUMBER(H25),H25<=G25),1,0) -> 1 | R25: =IF(AND(ISNUMBER(J25),J25<=I25),1,0) -> 1 | S25: =IF(V25="无",0,1) -> 0 | T25: =IF(AND(S25=1,ISNUMBER(N25)),1,0) -> 0 | U25: =IF(AND(S25=1,T25=0),1,0) -> 0 | V25: =IF(AND(ISNUMBER(F25),F25<=G25),IF(AND(ISNUMBER(H25),H25<=G25),IF(AND(ISNUMBER(J25),J25<=I25),"无","完工超时"),"上门超时"),"派单超时") -> 无 | W25: =IF(L25=V25,1,0) -> 1
A26: HS2026080025 | B26: 武汉 | C26: 维修 | D26: WH02 | E26: 46236.354 | F26: 46236.426 | G26: 46238.5 | H26: 46238.479 | I26: 46238.708 | K26: 未完工 | L26: 完工超时 | M26: 46238.708 | O26: 0 | Q26: =IF(AND(ISNUMBER(H26),H26<=G26),1,0) -> 1 | R26: =IF(AND(ISNUMBER(J26),J26<=I26),1,0) -> 0 | S26: =IF(V26="无",0,1) -> 1 | T26: =IF(AND(S26=1,ISNUMBER(N26)),1,0) -> 0 | U26: =IF(AND(S26=1,T26=0),1,0) -> 1 | V26: =IF(AND(ISNUMBER(F26),F26<=G26),IF(AND(ISNUMBER(H26),H26<=G26),IF(AND(ISNUMBER(J26),J26<=I26),"无","完工超时"),"上门超时"),"派单超时") -> 完工超时 | W26: =IF(L26=V26,1,0) -> 1
A27: HS2026080026 | B27: 武汉 | C27: 安装 | D27: WH02 | E27: 46236.372 | F27: 46236.451 | G27: 46237.625 | H27: 46237.599 | I27: 46237.792 | J27: 46237.674 | K27: 已完工 | L27: 无 | O27: 0 | P27: 5 | Q27: =IF(AND(ISNUMBER(H27),H27<=G27),1,0) -> 1 | R27: =IF(AND(ISNUMBER(J27),J27<=I27),1,0) -> 1 | S27: =IF(V27="无",0,1) -> 0 | T27: =IF(AND(S27=1,ISNUMBER(N27)),1,0) -> 0 | U27: =IF(AND(S27=1,T27=0),1,0) -> 0 | V27: =IF(AND(ISNUMBER(F27),F27<=G27),IF(AND(ISNUMBER(H27),H27<=G27),IF(AND(ISNUMBER(J27),J27<=I27),"无","完工超时"),"上门超时"),"派单超时") -> 无 | W27: =IF(L27=V27,1,0) -> 1
A28: HS2026080027 | B28: 武汉 | C28: 维修 | D28: WH01 | E28: 46236.378 | F28: 46236.522 | G28: 46237.417 | H28: 46237.381 | I28: 46237.625 | J28: 46237.44 | K28: 已完工 | L28: 无 | O28: 0 | P28: 5 | Q28: =IF(AND(ISNUMBER(H28),H28<=G28),1,0) -> 1 | R28: =IF(AND(ISNUMBER(J28),J28<=I28),1,0) -> 1 | S28: =IF(V28="无",0,1) -> 0 | T28: =IF(AND(S28=1,ISNUMBER(N28)),1,0) -> 0 | U28: =IF(AND(S28=1,T28=0),1,0) -> 0 | V28: =IF(AND(ISNUMBER(F28),F28<=G28),IF(AND(ISNUMBER(H28),H28<=G28),IF(AND(ISNUMBER(J28),J28<=I28),"无","完工超时"),"上门超时"),"派单超时") -> 无 | W28: =IF(L28=V28,1,0) -> 1
A29: HS2026080028 | B29: 重庆 | C29: 安装 | D29: CQ02 | E29: 46236.382 | F29: 46236.537 | G29: 46237.625 | H29: 46237.594 | I29: 46237.792 | J29: 46237.829 | K29: 已完工 | L29: 完工超时 | M29: 46237.792 | N29: 46237.877 | O29: 1 | Q29: =IF(AND(ISNUMBER(H29),H29<=G29),1,0) -> 1 | R29: =IF(AND(ISNUMBER(J29),J29<=I29),1,0) -> 0 | S29: =IF(V29="无",0,1) -> 1 | T29: =IF(AND(S29=1,ISNUMBER(N29)),1,0) -> 1 | U29: =IF(AND(S29=1,T29=0),1,0) -> 0 | V29: =IF(AND(ISNUMBER(F29),F29<=G29),IF(AND(ISNUMBER(H29),H29<=G29),IF(AND(ISNUMBER(J29),J29<=I29),"无","完工超时"),"上门超时"),"派单超时") -> 完工超时 | W29: =IF(L29=V29,1,0) -> 1
A30: HS2026080029 | B30: 北京 | C30: 维修 | D30: BJ02 | E30: 46236.427 | F30: 46236.587 | G30: 46239.625 | H30: 46239.579 | I30: 46239.833 | J30: 46239.639 | K30: 已完工 | L30: 无 | O30: 0 | Q30: =IF(AND(ISNUMBER(H30),H30<=G30),1,0) -> 1 | R30: =IF(AND(ISNUMBER(J30),J30<=I30),1,0) -> 1 | S30: =IF(V30="无",0,1) -> 0 | T30: =IF(AND(S30=1,ISNUMBER(N30)),1,0) -> 0 | U30: =IF(AND(S30=1,T30=0),1,0) -> 0 | V30: =IF(AND(ISNUMBER(F30),F30<=G30),IF(AND(ISNUMBER(H30),H30<=G30),IF(AND(ISNUMBER(J30),J30<=I30),"无","完工超时"),"上门超时"),"派单超时") -> 无 | W30: =IF(L30=V30,1,0) -> 1
A31: HS2026080030 | B31: 武汉 | C31: 维修 | D31: WH02 | E31: 46236.431 | F31: 46236.576 | G31: 46238.625 | H31: 46238.617 | I31: 46238.833 | J31: 46238.713 | K31: 已完工 | L31: 无 | O31: 0 | P31: 5 | Q31: =IF(AND(ISNUMBER(H31),H31<=G31),1,0) -> 1 | R31: =IF(AND(ISNUMBER(J31),J31<=I31),1,0) -> 1 | S31: =IF(V31="无",0,1) -> 0 | T31: =IF(AND(S31=1,ISNUMBER(N31)),1,0) -> 0 | U31: =IF(AND(S31=1,T31=0),1,0) -> 0 | V31: =IF(AND(ISNUMBER(F31),F31<=G31),IF(AND(ISNUMBER(H31),H31<=G31),IF(AND(ISNUMBER(J31),J31<=I31),"无","完工超时"),"上门超时"),"派单超时") -> 无 | W31: =IF(L31=V31,1,0) -> 1
A32: HS2026080031 | B32: 武汉 | C32: 安装 | D32: WH02 | E32: 46236.434 | F32: 46236.569 | G32: 46239.625 | H32: 46239.576 | I32: 46239.792 | J32: 46239.644 | K32: 已完工 | L32: 无 | O32: 0 | P32: 3 | Q32: =IF(AND(ISNUMBER(H32),H32<=G32),1,0) -> 1 | R32: =IF(AND(ISNUMBER(J32),J32<=I32),1,0) -> 1 | S32: =IF(V32="无",0,1) -> 0 | T32: =IF(AND(S32=1,ISNUMBER(N32)),1,0) -> 0 | U32: =IF(AND(S32=1,T32=0),1,0) -> 0 | V32: =IF(AND(ISNUMBER(F32),F32<=G32),IF(AND(ISNUMBER(H32),H32<=G32),IF(AND(ISNUMBER(J32),J32<=I32),"无","完工超时"),"上门超时"),"派单超时") -> 无 | W32: =IF(L32=V32,1,0) -> 1
A33: HS2026080032 | B33: 北京 | C33: 维修 | D33: BJ02 | E33: 46236.458 | F33: 46236.557 | G33: 46237.708 | H33: 46237.674 | I33: 46237.917 | J33: 46237.99 | K33: 已完工 | L33: 完工超时 | M33: 46237.917 | N33: 46238.024 | O33: 0 | P33: 4 | Q33: =IF(AND(ISNUMBER(H33),H33<=G33),1,0) -> 1 | R33: =IF(AND(ISNUMBER(J33),J33<=I33),1,0) -> 0 | S33: =IF(V33="无",0,1) -> 1 | T33: =IF(AND(S33=1,ISNUMBER(N33)),1,0) -> 1 | U33: =IF(AND(S33=1,T33=0),1,0) -> 0 | V33: =IF(AND(ISNUMBER(F33),F33<=G33),IF(AND(ISNUMBER(H33),H33<=G33),IF(AND(ISNUMBER(J33),J33<=I33),"无","完工超时"),"上门超时"),"派单超时") -> 完工超时 | W33: =IF(L33=V33,1,0) -> 1
A34: HS2026080033 | B34: 重庆 | C34: 安装 | D34: CQ02 | E34: 46236.465 | F34: 46236.505 | G34: 46237.625 | H34: 46237.606 | I34: 46237.792 | J34: 46237.708 | K34: 已完工 | L34: 无 | O34: 0 | P34: 4 | Q34: =IF(AND(ISNUMBER(H34),H34<=G34),1,0) -> 1 | R34: =IF(AND(ISNUMBER(J34),J34<=I34),1,0) -> 1 | S34: =IF(V34="无",0,1) -> 0 | T34: =IF(AND(S34=1,ISNUMBER(N34)),1,0) -> 0 | U34: =IF(AND(S34=1,T34=0),1,0) -> 0 | V34: =IF(AND(ISNUMBER(F34),F34<=G34),IF(AND(ISNUMBER(H34),H34<=G34),IF(AND(ISNUMBER(J34),J34<=I34),"无","完工超时"),"上门超时"),"派单超时") -> 无 | W34: =IF(L34=V34,1,0) -> 1
A35: HS2026080034 | B35: 武汉 | C35: 安装 | D35: WH01 | E35: 46236.483 | F35: 46236.611 | G35: 46238.625 | H35: 46238.606 | I35: 46238.792 | J35: 46238.69 | K35: 已完工 | L35: 无 | O35: 0 | P35: 4 | Q35: =IF(AND(ISNUMBER(H35),H35<=G35),1,0) -> 1 | R35: =IF(AND(ISNUMBER(J35),J35<=I35),1,0) -> 1 | S35: =IF(V35="无",0,1) -> 0 | T35: =IF(AND(S35=1,ISNUMBER(N35)),1,0) -> 0 | U35: =IF(AND(S35=1,T35=0),1,0) -> 0 | V35: =IF(AND(ISNUMBER(F35),F35<=G35),IF(AND(ISNUMBER(H35),H35<=G35),IF(AND(ISNUMBER(J35),J35<=I35),"无","完工超时"),"上门超时"),"派单超时") -> 无 | W35: =IF(L35=V35,1,0) -> 1
A36: HS2026080035 | B36: 北京 | C36: 拆旧 | D36: BJ02 | E36: 46236.493 | F36: 46236.611 | G36: 46238.625 | H36: 46238.6 | I36: 46238.75 | J36: 46238.692 | K36: 已完工 | L36: 无 | O36: 0 | P36: 4 | Q36: =IF(AND(ISNUMBER(H36),H36<=G36),1,0) -> 1 | R36: =IF(AND(ISNUMBER(J36),J36<=I36),1,0) -> 1 | S36: =IF(V36="无",0,1) -> 0 | T36: =IF(AND(S36=1,ISNUMBER(N36)),1,0) -> 0 | U36: =IF(AND(S36=1,T36=0),1,0) -> 0 | V36: =IF(AND(ISNUMBER(F36),F36<=G36),IF(AND(ISNUMBER(H36),H36<=G36),IF(AND(ISNUMBER(J36),J36<=I36),"无","完工超时"),"上门超时"),"派单超时") -> 无 | W36: =IF(L36=V36,1,0) -> 1
A37: HS2026080036 | B37: 重庆 | C37: 维修 | D37: CQ02 | E37: 46236.503 | F37: 46236.59 | G37: 46237.5 | H37: 46237.526 | I37: 46237.708 | J37: 46237.617 | K37: 已完工 | L37: 上门超时 | M37: 46237.5 | N37: 46237.648 | O37: 0 | P37: 2 | Q37: =IF(AND(ISNUMBER(H37),H37<=G37),1,0) -> 0 | R37: =IF(AND(ISNUMBER(J37),J37<=I37),1,0) -> 1 | S37: =IF(V37="无",0,1) -> 1 | T37: =IF(AND(S37=1,ISNUMBER(N37)),1,0) -> 1 | U37: =IF(AND(S37=1,T37=0),1,0) -> 0 | V37: =IF(AND(ISNUMBER(F37),F37<=G37),IF(AND(ISNUMBER(H37),H37<=G37),IF(AND(ISNUMBER(J37),J37<=I37),"无","完工超时"),"上门超时"),"派单超时") -> 上门超时 | W37: =IF(L37=V37,1,0) -> 1
A38: HS2026080037 | B38: 重庆 | C38: 安装 | D38: CQ02 | E38: 46236.514 | F38: 46236.669 | G38: 46238.708 | H38: 46238.697 | I38: 46238.875 | J38: 46238.791 | K38: 已完工 | L38: 无 | O38: 0 | P38: 5 | Q38: =IF(AND(ISNUMBER(H38),H38<=G38),1,0) -> 1 | R38: =IF(AND(ISNUMBER(J38),J38<=I38),1,0) -> 1 | S38: =IF(V38="无",0,1) -> 0 | T38: =IF(AND(S38=1,ISNUMBER(N38)),1,0) -> 0 | U38: =IF(AND(S38=1,T38=0),1,0) -> 0 | V38: =IF(AND(ISNUMBER(F38),F38<=G38),IF(AND(ISNUMBER(H38),H38<=G38),IF(AND(ISNUMBER(J38),J38<=I38),"无","完工超时"),"上门超时"),"派单超时") -> 无 | W38: =IF(L38=V38,1,0) -> 1
A39: HS2026080038 | B39: 武汉 | C39: 安装 | D39: WH01 | E39: 46236.524 | F39: 46236.685 | G39: 46238.625 | I39: 46238.792 | K39: 未完工 | L39: 上门超时 | M39: 46238.625 | O39: 0 | Q39: =IF(AND(ISNUMBER(H39),H39<=G39),1,0) -> 0 | R39: =IF(AND(ISNUMBER(J39),J39<=I39),1,0) -> 0 | S39: =IF(V39="无",0,1) -> 1 | T39: =IF(AND(S39=1,ISNUMBER(N39)),1,0) -> 0 | U39: =IF(AND(S39=1,T39=0),1,0) -> 1 | V39: =IF(AND(ISNUMBER(F39),F39<=G39),IF(AND(ISNUMBER(H39),H39<=G39),IF(AND(ISNUMBER(J39),J39<=I39),"无","完工超时"),"上门超时"),"派单超时") -> 上门超时 | W39: =IF(L39=V39,1,0) -> 1
A40: HS2026080039 | B40: 北京 | C40: 安装 | D40: BJ01 | E40: 46236.528 | F40: 46236.561 | G40: 46239.625 | H40: 46239.616 | I40: 46239.792 | J40: 46239.713 | K40: 已完工 | L40: 无 | O40: 0 | P40: 5 | Q40: =IF(AND(ISNUMBER(H40),H40<=G40),1,0) -> 1 | R40: =IF(AND(ISNUMBER(J40),J40<=I40),1,0) -> 1 | S40: =IF(V40="无",0,1) -> 0 | T40: =IF(AND(S40=1,ISNUMBER(N40)),1,0) -> 0 | U40: =IF(AND(S40=1,T40=0),1,0) -> 0 | V40: =IF(AND(ISNUMBER(F40),F40<=G40),IF(AND(ISNUMBER(H40),H40<=G40),IF(AND(ISNUMBER(J40),J40<=I40),"无","完工超时"),"上门超时"),"派单超时") -> 无 | W40: =IF(L40=V40,1,0) -> 1
A41: HS2026080040 | B41: 北京 | C41: 维修 | D41: BJ02 | E41: 46236.542 | G41: 46237.5 | I41: 46237.708 | K41: 未完工 | L41: 派单超时 | M41: 46237.5 | O41: 0 | Q41: =IF(AND(ISNUMBER(H41),H41<=G41),1,0) -> 0 | R41: =IF(AND(ISNUMBER(J41),J41<=I41),1,0) -> 0 | S41: =IF(V41="无",0,1) -> 1 | T41: =IF(AND(S41=1,ISNUMBER(N41)),1,0) -> 0 | U41: =IF(AND(S41=1,T41=0),1,0) -> 1 | V41: =IF(AND(ISNUMBER(F41),F41<=G41),IF(AND(ISNUMBER(H41),H41<=G41),IF(AND(ISNUMBER(J41),J41<=I41),"无","完工超时"),"上门超时"),"派单超时") -> 派单超时 | W41: =IF(L41=V41,1,0) -> 1
A42: HS2026080041 | B42: 重庆 | C42: 维修 | D42: CQ01 | E42: 46236.566 | F42: 46236.65 | G42: 46237.5 | I42: 46237.708 | K42: 未完工 | L42: 上门超时 | M42: 46237.5 | O42: 0 | Q42: =IF(AND(ISNUMBER(H42),H42<=G42),1,0) -> 0 | R42: =IF(AND(ISNUMBER(J42),J42<=I42),1,0) -> 0 | S42: =IF(V42="无",0,1) -> 1 | T42: =IF(AND(S42=1,ISNUMBER(N42)),1,0) -> 0 | U42: =IF(AND(S42=1,T42=0),1,0) -> 1 | V42: =IF(AND(ISNUMBER(F42),F42<=G42),IF(AND(ISNUMBER(H42),H42<=G42),IF(AND(ISNUMBER(J42),J42<=I42),"无","完工超时"),"上门超时"),"派单超时") -> 上门超时 | W42: =IF(L42=V42,1,0) -> 1
A43: HS2026080042 | B43: 武汉 | C43: 维修 | D43: WH02 | E43: 46236.597 | F43: 46236.651 | G43: 46237.708 | H43: 46237.694 | I43: 46237.917 | J43: 46237.779 | K43: 已完工 | L43: 无 | O43: 0 | P43: 4 | Q43: =IF(AND(ISNUMBER(H43),H43<=G43),1,0) -> 1 | R43: =IF(AND(ISNUMBER(J43),J43<=I43),1,0) -> 1 | S43: =IF(V43="无",0,1) -> 0 | T43: =IF(AND(S43=1,ISNUMBER(N43)),1,0) -> 0 | U43: =IF(AND(S43=1,T43=0),1,0) -> 0 | V43: =IF(AND(ISNUMBER(F43),F43<=G43),IF(AND(ISNUMBER(H43),H43<=G43),IF(AND(ISNUMBER(J43),J43<=I43),"无","完工超时"),"上门超时"),"派单超时") -> 无 | W43: =IF(L43=V43,1,0) -> 1
A44: HS2026080043 | B44: 北京 | C44: 维修 | D44: BJ02 | E44: 46236.608 | F44: 46236.697 | G44: 46239.625 | H44: 46239.618 | I44: 46239.833 | J44: 46239.693 | K44: 已完工 | L44: 无 | O44: 0 | P44: 4 | Q44: =IF(AND(ISNUMBER(H44),H44<=G44),1,0) -> 1 | R44: =IF(AND(ISNUMBER(J44),J44<=I44),1,0) -> 1 | S44: =IF(V44="无",0,1) -> 0 | T44: =IF(AND(S44=1,ISNUMBER(N44)),1,0) -> 0 | U44: =IF(AND(S44=1,T44=0),1,0) -> 0 | V44: =IF(AND(ISNUMBER(F44),F44<=G44),IF(AND(ISNUMBER(H44),H44<=G44),IF(AND(ISNUMBER(J44),J44<=I44),"无","完工超时"),"上门超时"),"派单超时") -> 无 | W44: =IF(L44=V44,1,0) -> 1
A45: HS2026080044 | B45: 武汉 | C45: 拆旧 | D45: WH02 | E45: 46236.608 | F45: 46236.628 | G45: 46237.417 | H45: 46237.403 | I45: 46237.542 | J45: 46237.478 | K45: 已完工 | L45: 无 | O45: 0 | P45: 4 | Q45: =IF(AND(ISNUMBER(H45),H45<=G45),1,0) -> 1 | R45: =IF(AND(ISNUMBER(J45),J45<=I45),1,0) -> 1 | S45: =IF(V45="无",0,1) -> 0 | T45: =IF(AND(S45=1,ISNUMBER(N45)),1,0) -> 0 | U45: =IF(AND(S45=1,T45=0),1,0) -> 0 | V45: =IF(AND(ISNUMBER(F45),F45<=G45),IF(AND(ISNUMBER(H45),H45<=G45),IF(AND(ISNUMBER(J45),J45<=I45),"无","完工超时"),"上门超时"),"派单超时") -> 无 | W45: =IF(L45=V45,1,0) -> 1
A46: HS2026080045 | B46: 北京 | C46: 维修 | D46: BJ02 | E46: 46236.622 | F46: 46236.734 | G46: 46237.5 | H46: 46237.478 | I46: 46237.708 | J46: 46237.568 | K46: 已完工 | L46: 无 | O46: 0 | P46: 5 | Q46: =IF(AND(ISNUMBER(H46),H46<=G46),1,0) -> 1 | R46: =IF(AND(ISNUMBER(J46),J46<=I46),1,0) -> 1 | S46: =IF(V46="无",0,1) -> 0 | T46: =IF(AND(S46=1,ISNUMBER(N46)),1,0) -> 0 | U46: =IF(AND(S46=1,T46=0),1,0) -> 0 | V46: =IF(AND(ISNUMBER(F46),F46<=G46),IF(AND(ISNUMBER(H46),H46<=G46),IF(AND(ISNUMBER(J46),J46<=I46),"无","完工超时"),"上门超时"),"派单超时") -> 无 | W46: =IF(L46=V46,1,0) -> 1
A47: HS2026080046 | B47: 北京 | C47: 拆旧 | D47: BJ01 | E47: 46236.628 | F47: 46236.743 | G47: 46237.625 | H47: 46237.602 | I47: 46237.75 | J47: 46237.672 | K47: 已完工 | L47: 无 | O47: 0 | P47: 5 | Q47: =IF(AND(ISNUMBER(H47),H47<=G47),1,0) -> 1 | R47: =IF(AND(ISNUMBER(J47),J47<=I47),1,0) -> 1 | S47: =IF(V47="无",0,1) -> 0 | T47: =IF(AND(S47=1,ISNUMBER(N47)),1,0) -> 0 | U47: =IF(AND(S47=1,T47=0),1,0) -> 0 | V47: =IF(AND(ISNUMBER(F47),F47<=G47),IF(AND(ISNUMBER(H47),H47<=G47),IF(AND(ISNUMBER(J47),J47<=I47),"无","完工超时"),"上门超时"),"派单超时") -> 无 | W47: =IF(L47=V47,1,0) -> 1
A48: HS2026080047 | B48: 武汉 | C48: 拆旧 | D48: WH01 | E48: 46236.667 | F48: 46236.753 | G48: 46237.625 | H48: 46237.598 | I48: 46237.75 | J48: 46237.691 | K48: 已完工 | L48: 无 | O48: 0 | P48: 5 | Q48: =IF(AND(ISNUMBER(H48),H48<=G48),1,0) -> 1 | R48: =IF(AND(ISNUMBER(J48),J48<=I48),1,0) -> 1 | S48: =IF(V48="无",0,1) -> 0 | T48: =IF(AND(S48=1,ISNUMBER(N48)),1,0) -> 0 | U48: =IF(AND(S48=1,T48=0),1,0) -> 0 | V48: =IF(AND(ISNUMBER(F48),F48<=G48),IF(AND(ISNUMBER(H48),H48<=G48),IF(AND(ISNUMBER(J48),J48<=I48),"无","完工超时"),"上门超时"),"派单超时") -> 无 | W48: =IF(L48=V48,1,0) -> 1
A49: HS2026080048 | B49: 北京 | C49: 安装 | D49: BJ02 | E49: 46236.74 | F49: 46236.898 | G49: 46237.5 | H49: 46237.465 | I49: 46237.667 | J49: 46237.556 | K49: 已完工 | L49: 无 | O49: 0 | P49: 5 | Q49: =IF(AND(ISNUMBER(H49),H49<=G49),1,0) -> 1 | R49: =IF(AND(ISNUMBER(J49),J49<=I49),1,0) -> 1 | S49: =IF(V49="无",0,1) -> 0 | T49: =IF(AND(S49=1,ISNUMBER(N49)),1,0) -> 0 | U49: =IF(AND(S49=1,T49=0),1,0) -> 0 | V49: =IF(AND(ISNUMBER(F49),F49<=G49),IF(AND(ISNUMBER(H49),H49<=G49),IF(AND(ISNUMBER(J49),J49<=I49),"无","完工超时"),"上门超时"),"派单超时") -> 无 | W49: =IF(L49=V49,1,0) -> 1
A50: HS2026080049 | B50: 北京 | C50: 安装 | D50: BJ02 | E50: 46236.767 | F50: 46237.544 | G50: 46237.5 | H50: 46237.6 | I50: 46237.667 | J50: 46237.664 | K50: 已完工 | L50: 派单超时 | M50: 46237.5 | N50: 46237.824 | O50: 0 | P50: 3 | Q50: =IF(AND(ISNUMBER(H50),H50<=G50),1,0) -> 0 | R50: =IF(AND(ISNUMBER(J50),J50<=I50),1,0) -> 1 | S50: =IF(V50="无",0,1) -> 1 | T50: =IF(AND(S50=1,ISNUMBER(N50)),1,0) -> 1 | U50: =IF(AND(S50=1,T50=0),1,0) -> 0 | V50: =IF(AND(ISNUMBER(F50),F50<=G50),IF(AND(ISNUMBER(H50),H50<=G50),IF(AND(ISNUMBER(J50),J50<=I50),"无","完工超时"),"上门超时"),"派单超时") -> 派单超时 | W50: =IF(L50=V50,1,0) -> 1
A51: HS2026080050 | B51: 北京 | C51: 安装 | D51: BJ02 | E51: 46236.774 | F51: 46236.94 | G51: 46237.708 | H51: 46237.675 | I51: 46237.875 | J51: 46237.905 | K51: 已完工 | L51: 完工超时 | M51: 46237.875 | O51: 1 | P51: 1 | Q51: =IF(AND(ISNUMBER(H51),H51<=G51),1,0) -> 1 | R51: =IF(AND(ISNUMBER(J51),J51<=I51),1,0) -> 0 | S51: =IF(V51="无",0,1) -> 1 | T51: =IF(AND(S51=1,ISNUMBER(N51)),1,0) -> 0 | U51: =IF(AND(S51=1,T51=0),1,0) -> 1 | V51: =IF(AND(ISNUMBER(F51),F51<=G51),IF(AND(ISNUMBER(H51),H51<=G51),IF(AND(ISNUMBER(J51),J51<=I51),"无","完工超时"),"上门超时"),"派单超时") -> 完工超时 | W51: =IF(L51=V51,1,0) -> 1
A52: HS2026080051 | B52: 重庆 | C52: 安装 | D52: CQ02 | E52: 46236.788 | F52: 46236.945 | G52: 46237.625 | H52: 46237.601 | I52: 46237.792 | J52: 46237.645 | K52: 已完工 | L52: 无 | O52: 0 | P52: 5 | Q52: =IF(AND(ISNUMBER(H52),H52<=G52),1,0) -> 1 | R52: =IF(AND(ISNUMBER(J52),J52<=I52),1,0) -> 1 | S52: =IF(V52="无",0,1) -> 0 | T52: =IF(AND(S52=1,ISNUMBER(N52)),1,0) -> 0 | U52: =IF(AND(S52=1,T52=0),1,0) -> 0 | V52: =IF(AND(ISNUMBER(F52),F52<=G52),IF(AND(ISNUMBER(H52),H52<=G52),IF(AND(ISNUMBER(J52),J52<=I52),"无","完工超时"),"上门超时"),"派单超时") -> 无 | W52: =IF(L52=V52,1,0) -> 1
A53: HS2026080052 | B53: 武汉 | C53: 安装 | D53: WH02 | E53: 46236.788 | F53: 46238.758 | G53: 46238.708 | H53: 46238.799 | I53: 46238.875 | J53: 46238.854 | K53: 已完工 | L53: 派单超时 | M53: 46238.708 | N53: 46239.055 | O53: 0 | P53: 5 | Q53: =IF(AND(ISNUMBER(H53),H53<=G53),1,0) -> 0 | R53: =IF(AND(ISNUMBER(J53),J53<=I53),1,0) -> 1 | S53: =IF(V53="无",0,1) -> 1 | T53: =IF(AND(S53=1,ISNUMBER(N53)),1,0) -> 1 | U53: =IF(AND(S53=1,T53=0),1,0) -> 0 | V53: =IF(AND(ISNUMBER(F53),F53<=G53),IF(AND(ISNUMBER(H53),H53<=G53),IF(AND(ISNUMBER(J53),J53<=I53),"无","完工超时"),"上门超时"),"派单超时") -> 派单超时 | W53: =IF(L53=V53,1,0) -> 1
A54: HS2026080053 | B54: 北京 | C54: 安装 | D54: BJ01 | E54: 46237.337 | F54: 46237.451 | G54: 46239.625 | H54: 46239.58 | I54: 46239.792 | J54: 46239.683 | K54: 已完工 | L54: 无 | O54: 0 | P54: 4 | Q54: =IF(AND(ISNUMBER(H54),H54<=G54),1,0) -> 1 | R54: =IF(AND(ISNUMBER(J54),J54<=I54),1,0) -> 1 | S54: =IF(V54="无",0,1) -> 0 | T54: =IF(AND(S54=1,ISNUMBER(N54)),1,0) -> 0 | U54: =IF(AND(S54=1,T54=0),1,0) -> 0 | V54: =IF(AND(ISNUMBER(F54),F54<=G54),IF(AND(ISNUMBER(H54),H54<=G54),IF(AND(ISNUMBER(J54),J54<=I54),"无","完工超时"),"上门超时"),"派单超时") -> 无 | W54: =IF(L54=V54,1,0) -> 1
A55: HS2026080054 | B55: 武汉 | C55: 拆旧 | D55: WH02 | E55: 46237.354 | F55: 46237.451 | G55: 46240.5 | H55: 46240.466 | I55: 46240.625 | J55: 46240.551 | K55: 已完工 | L55: 无 | O55: 0 | P55: 5 | Q55: =IF(AND(ISNUMBER(H55),H55<=G55),1,0) -> 1 | R55: =IF(AND(ISNUMBER(J55),J55<=I55),1,0) -> 1 | S55: =IF(V55="无",0,1) -> 0 | T55: =IF(AND(S55=1,ISNUMBER(N55)),1,0) -> 0 | U55: =IF(AND(S55=1,T55=0),1,0) -> 0 | V55: =IF(AND(ISNUMBER(F55),F55<=G55),IF(AND(ISNUMBER(H55),H55<=G55),IF(AND(ISNUMBER(J55),J55<=I55),"无","完工超时"),"上门超时"),"派单超时") -> 无 | W55: =IF(L55=V55,1,0) -> 1
A56: HS2026080055 | B56: 北京 | C56: 安装 | D56: BJ01 | E56: 46237.365 | F56: 46237.485 | G56: 46239.417 | H56: 46239.374 | I56: 46239.583 | J56: 46239.477 | K56: 已完工 | L56: 无 | O56: 0 | P56: 4 | Q56: =IF(AND(ISNUMBER(H56),H56<=G56),1,0) -> 1 | R56: =IF(AND(ISNUMBER(J56),J56<=I56),1,0) -> 1 | S56: =IF(V56="无",0,1) -> 0 | T56: =IF(AND(S56=1,ISNUMBER(N56)),1,0) -> 0 | U56: =IF(AND(S56=1,T56=0),1,0) -> 0 | V56: =IF(AND(ISNUMBER(F56),F56<=G56),IF(AND(ISNUMBER(H56),H56<=G56),IF(AND(ISNUMBER(J56),J56<=I56),"无","完工超时"),"上门超时"),"派单超时") -> 无 | W56: =IF(L56=V56,1,0) -> 1
A57: HS2026080056 | B57: 北京 | C57: 维修 | D57: BJ01 | E57: 46237.375 | F57: 46237.458 | G57: 46238.5 | H57: 46238.458 | I57: 46238.708 | J57: 46238.53 | K57: 已完工 | L57: 无 | O57: 0 | Q57: =IF(AND(ISNUMBER(H57),H57<=G57),1,0) -> 1 | R57: =IF(AND(ISNUMBER(J57),J57<=I57),1,0) -> 1 | S57: =IF(V57="无",0,1) -> 0 | T57: =IF(AND(S57=1,ISNUMBER(N57)),1,0) -> 0 | U57: =IF(AND(S57=1,T57=0),1,0) -> 0 | V57: =IF(AND(ISNUMBER(F57),F57<=G57),IF(AND(ISNUMBER(H57),H57<=G57),IF(AND(ISNUMBER(J57),J57<=I57),"无","完工超时"),"上门超时"),"派单超时") -> 无 | W57: =IF(L57=V57,1,0) -> 1
A58: HS2026080057 | B58: 武汉 | C58: 拆旧 | D58: WH02 | E58: 46237.382 | F58: 46237.529 | G58: 46239.625 | H58: 46239.586 | I58: 46239.75 | J58: 46239.627 | K58: 已完工 | L58: 无 | O58: 0 | P58: 5 | Q58: =IF(AND(ISNUMBER(H58),H58<=G58),1,0) -> 1 | R58: =IF(AND(ISNUMBER(J58),J58<=I58),1,0) -> 1 | S58: =IF(V58="无",0,1) -> 0 | T58: =IF(AND(S58=1,ISNUMBER(N58)),1,0) -> 0 | U58: =IF(AND(S58=1,T58=0),1,0) -> 0 | V58: =IF(AND(ISNUMBER(F58),F58<=G58),IF(AND(ISNUMBER(H58),H58<=G58),IF(AND(ISNUMBER(J58),J58<=I58),"无","完工超时"),"上门超时"),"派单超时") -> 无 | W58: =IF(L58=V58,1,0) -> 1
A59: HS2026080058 | B59: 重庆 | C59: 维修 | D59: CQ02 | E59: 46237.406 | F59: 46237.428 | G59: 46238.5 | H59: 46238.486 | I59: 46238.708 | J59: 46238.55 | K59: 已完工 | L59: 无 | O59: 0 | Q59: =IF(AND(ISNUMBER(H59),H59<=G59),1,0) -> 1 | R59: =IF(AND(ISNUMBER(J59),J59<=I59),1,0) -> 1 | S59: =IF(V59="无",0,1) -> 0 | T59: =IF(AND(S59=1,ISNUMBER(N59)),1,0) -> 0 | U59: =IF(AND(S59=1,T59=0),1,0) -> 0 | V59: =IF(AND(ISNUMBER(F59),F59<=G59),IF(AND(ISNUMBER(H59),H59<=G59),IF(AND(ISNUMBER(J59),J59<=I59),"无","完工超时"),"上门超时"),"派单超时") -> 无 | W59: =IF(L59=V59,1,0) -> 1
A60: HS2026080059 | B60: 重庆 | C60: 安装 | D60: CQ02 | E60: 46237.406 | F60: 46237.491 | G60: 46240.708 | H60: 46240.677 | I60: 46240.875 | J60: 46240.737 | K60: 已完工 | L60: 无 | O60: 0 | P60: 5 | Q60: =IF(AND(ISNUMBER(H60),H60<=G60),1,0) -> 1 | R60: =IF(AND(ISNUMBER(J60),J60<=I60),1,0) -> 1 | S60: =IF(V60="无",0,1) -> 0 | T60: =IF(AND(S60=1,ISNUMBER(N60)),1,0) -> 0 | U60: =IF(AND(S60=1,T60=0),1,0) -> 0 | V60: =IF(AND(ISNUMBER(F60),F60<=G60),IF(AND(ISNUMBER(H60),H60<=G60),IF(AND(ISNUMBER(J60),J60<=I60),"无","完工超时"),"上门超时"),"派单超时") -> 无 | W60: =IF(L60=V60,1,0) -> 1
A61: HS2026080060 | B61: 北京 | C61: 拆旧 | D61: BJ02 | E61: 46237.448 | F61: 46237.583 | G61: 46239.625 | H61: 46239.611 | I61: 46239.75 | J61: 46239.711 | K61: 已完工 | L61: 无 | O61: 0 | P61: 3 | Q61: =IF(AND(ISNUMBER(H61),H61<=G61),1,0) -> 1 | R61: =IF(AND(ISNUMBER(J61),J61<=I61),1,0) -> 1 | S61: =IF(V61="无",0,1) -> 0 | T61: =IF(AND(S61=1,ISNUMBER(N61)),1,0) -> 0 | U61: =IF(AND(S61=1,T61=0),1,0) -> 0 | V61: =IF(AND(ISNUMBER(F61),F61<=G61),IF(AND(ISNUMBER(H61),H61<=G61),IF(AND(ISNUMBER(J61),J61<=I61),"无","完工超时"),"上门超时"),"派单超时") -> 无 | W61: =IF(L61=V61,1,0) -> 1
A62: HS2026080061 | B62: 武汉 | C62: 安装 | D62: WH02 | E62: 46237.448 | F62: 46237.608 | G62: 46239.625 | H62: 46239.677 | I62: 46239.792 | J62: 46239.731 | K62: 已完工 | L62: 上门超时 | M62: 46239.625 | N62: 46239.906 | O62: 0 | P62: 3 | Q62: =IF(AND(ISNUMBER(H62),H62<=G62),1,0) -> 0 | R62: =IF(AND(ISNUMBER(J62),J62<=I62),1,0) -> 1 | S62: =IF(V62="无",0,1) -> 1 | T62: =IF(AND(S62=1,ISNUMBER(N62)),1,0) -> 1 | U62: =IF(AND(S62=1,T62=0),1,0) -> 0 | V62: =IF(AND(ISNUMBER(F62),F62<=G62),IF(AND(ISNUMBER(H62),H62<=G62),IF(AND(ISNUMBER(J62),J62<=I62),"无","完工超时"),"上门超时"),"派单超时") -> 上门超时 | W62: =IF(L62=V62,1,0) -> 1
A63: HS2026080062 | B63: 重庆 | C63: 安装 | D63: CQ01 | E63: 46237.507 | F63: 46237.537 | G63: 46238.625 | H63: 46238.597 | I63: 46238.792 | J63: 46238.679 | K63: 已完工 | L63: 无 | O63: 0 | P63: 3 | Q63: =IF(AND(ISNUMBER(H63),H63<=G63),1,0) -> 1 | R63: =IF(AND(ISNUMBER(J63),J63<=I63),1,0) -> 1 | S63: =IF(V63="无",0,1) -> 0 | T63: =IF(AND(S63=1,ISNUMBER(N63)),1,0) -> 0 | U63: =IF(AND(S63=1,T63=0),1,0) -> 0 | V63: =IF(AND(ISNUMBER(F63),F63<=G63),IF(AND(ISNUMBER(H63),H63<=G63),IF(AND(ISNUMBER(J63),J63<=I63),"无","完工超时"),"上门超时"),"派单超时") -> 无 | W63: =IF(L63=V63,1,0) -> 1
A64: HS2026080063 | B64: 武汉 | C64: 安装 | D64: WH02 | E64: 46237.51 | F64: 46237.647 | G64: 46239.625 | H64: 46239.591 | I64: 46239.792 | J64: 46239.668 | K64: 已完工 | L64: 无 | O64: 0 | P64: 4 | Q64: =IF(AND(ISNUMBER(H64),H64<=G64),1,0) -> 1 | R64: =IF(AND(ISNUMBER(J64),J64<=I64),1,0) -> 1 | S64: =IF(V64="无",0,1) -> 0 | T64: =IF(AND(S64=1,ISNUMBER(N64)),1,0) -> 0 | U64: =IF(AND(S64=1,T64=0),1,0) -> 0 | V64: =IF(AND(ISNUMBER(F64),F64<=G64),IF(AND(ISNUMBER(H64),H64<=G64),IF(AND(ISNUMBER(J64),J64<=I64),"无","完工超时"),"上门超时"),"派单超时") -> 无 | W64: =IF(L64=V64,1,0) -> 1
A65: HS2026080064 | B65: 北京 | C65: 维修 | D65: BJ02 | E65: 46237.535 | F65: 46237.665 | G65: 46238.5 | H65: 46238.452 | I65: 46238.708 | J65: 46238.503 | K65: 已完工 | L65: 无 | O65: 0 | P65: 4 | Q65: =IF(AND(ISNUMBER(H65),H65<=G65),1,0) -> 1 | R65: =IF(AND(ISNUMBER(J65),J65<=I65),1,0) -> 1 | S65: =IF(V65="无",0,1) -> 0 | T65: =IF(AND(S65=1,ISNUMBER(N65)),1,0) -> 0 | U65: =IF(AND(S65=1,T65=0),1,0) -> 0 | V65: =IF(AND(ISNUMBER(F65),F65<=G65),IF(AND(ISNUMBER(H65),H65<=G65),IF(AND(ISNUMBER(J65),J65<=I65),"无","完工超时"),"上门超时"),"派单超时") -> 无 | W65: =IF(L65=V65,1,0) -> 1
A66: HS2026080065 | B66: 武汉 | C66: 维修 | D66: WH02 | E66: 46237.549 | F66: 46237.707 | G66: 46240.417 | H66: 46240.4 | I66: 46240.625 | J66: 46240.74 | K66: 已完工 | L66: 完工超时 | M66: 46240.625 | N66: 46240.775 | O66: 0 | Q66: =IF(AND(ISNUMBER(H66),H66<=G66),1,0) -> 1 | R66: =IF(AND(ISNUMBER(J66),J66<=I66),1,0) -> 0 | S66: =IF(V66="无",0,1) -> 1 | T66: =IF(AND(S66=1,ISNUMBER(N66)),1,0) -> 1 | U66: =IF(AND(S66=1,T66=0),1,0) -> 0 | V66: =IF(AND(ISNUMBER(F66),F66<=G66),IF(AND(ISNUMBER(H66),H66<=G66),IF(AND(ISNUMBER(J66),J66<=I66),"无","完工超时"),"上门超时"),"派单超时") -> 完工超时 | W66: =IF(L66=V66,1,0) -> 1
A67: HS2026080066 | B67: 武汉 | C67: 维修 | D67: WH01 | E67: 46237.552 | F67: 46237.62 | G67: 46238.5 | H67: 46238.483 | I67: 46238.708 | J67: 46238.545 | K67: 已完工 | L67: 无 | O67: 0 | P67: 5 | Q67: =IF(AND(ISNUMBER(H67),H67<=G67),1,0) -> 1 | R67: =IF(AND(ISNUMBER(J67),J67<=I67),1,0) -> 1 | S67: =IF(V67="无",0,1) -> 0 | T67: =IF(AND(S67=1,ISNUMBER(N67)),1,0) -> 0 | U67: =IF(AND(S67=1,T67=0),1,0) -> 0 | V67: =IF(AND(ISNUMBER(F67),F67<=G67),IF(AND(ISNUMBER(H67),H67<=G67),IF(AND(ISNUMBER(J67),J67<=I67),"无","完工超时"),"上门超时"),"派单超时") -> 无 | W67: =IF(L67=V67,1,0) -> 1
A68: HS2026080067 | B68: 北京 | C68: 安装 | D68: BJ01 | E68: 46237.556 | F68: 46237.652 | G68: 46238.417 | H68: 46238.458 | I68: 46238.583 | J68: 46238.548 | K68: 已完工 | L68: 上门超时 | M68: 46238.417 | O68: 0 | P68: 4 | Q68: =IF(AND(ISNUMBER(H68),H68<=G68),1,0) -> 0 | R68: =IF(AND(ISNUMBER(J68),J68<=I68),1,0) -> 1 | S68: =IF(V68="无",0,1) -> 1 | T68: =IF(AND(S68=1,ISNUMBER(N68)),1,0) -> 0 | U68: =IF(AND(S68=1,T68=0),1,0) -> 1 | V68: =IF(AND(ISNUMBER(F68),F68<=G68),IF(AND(ISNUMBER(H68),H68<=G68),IF(AND(ISNUMBER(J68),J68<=I68),"无","完工超时"),"上门超时"),"派单超时") -> 上门超时 | W68: =IF(L68=V68,1,0) -> 1
A69: HS2026080068 | B69: 北京 | C69: 维修 | D69: BJ02 | E69: 46237.601 | F69: 46237.751 | G69: 46238.417 | H69: 46238.41 | I69: 46238.625 | J69: 46238.512 | K69: 已完工 | L69: 无 | O69: 0 | Q69: =IF(AND(ISNUMBER(H69),H69<=G69),1,0) -> 1 | R69: =IF(AND(ISNUMBER(J69),J69<=I69),1,0) -> 1 | S69: =IF(V69="无",0,1) -> 0 | T69: =IF(AND(S69=1,ISNUMBER(N69)),1,0) -> 0 | U69: =IF(AND(S69=1,T69=0),1,0) -> 0 | V69: =IF(AND(ISNUMBER(F69),F69<=G69),IF(AND(ISNUMBER(H69),H69<=G69),IF(AND(ISNUMBER(J69),J69<=I69),"无","完工超时"),"上门超时"),"派单超时") -> 无 | W69: =IF(L69=V69,1,0) -> 1
A70: HS2026080069 | B70: 重庆 | C70: 拆旧 | D70: CQ01 | E70: 46237.601 | F70: 46237.756 | G70: 46239.625 | H70: 46239.597 | I70: 46239.75 | J70: 46239.664 | K70: 已完工 | L70: 无 | O70: 0 | Q70: =IF(AND(ISNUMBER(H70),H70<=G70),1,0) -> 1 | R70: =IF(AND(ISNUMBER(J70),J70<=I70),1,0) -> 1 | S70: =IF(V70="无",0,1) -> 0 | T70: =IF(AND(S70=1,ISNUMBER(N70)),1,0) -> 0 | U70: =IF(AND(S70=1,T70=0),1,0) -> 0 | V70: =IF(AND(ISNUMBER(F70),F70<=G70),IF(AND(ISNUMBER(H70),H70<=G70),IF(AND(ISNUMBER(J70),J70<=I70),"无","完工超时"),"上门超时"),"派单超时") -> 无 | W70: =IF(L70=V70,1,0) -> 1
A71: HS2026080070 | B71: 重庆 | C71: 维修 | D71: CQ02 | E71: 46237.618 | F71: 46237.741 | G71: 46238.5 | H71: 46238.479 | I71: 46238.708 | J71: 46238.567 | K71: 已完工 | L71: 无 | O71: 0 | P71: 5 | Q71: =IF(AND(ISNUMBER(H71),H71<=G71),1,0) -> 1 | R71: =IF(AND(ISNUMBER(J71),J71<=I71),1,0) -> 1 | S71: =IF(V71="无",0,1) -> 0 | T71: =IF(AND(S71=1,ISNUMBER(N71)),1,0) -> 0 | U71: =IF(AND(S71=1,T71=0),1,0) -> 0 | V71: =IF(AND(ISNUMBER(F71),F71<=G71),IF(AND(ISNUMBER(H71),H71<=G71),IF(AND(ISNUMBER(J71),J71<=I71),"无","完工超时"),"上门超时"),"派单超时") -> 无 | W71: =IF(L71=V71,1,0) -> 1
A72: HS2026080071 | B72: 北京 | C72: 维修 | D72: BJ02 | E72: 46237.628 | F72: 46240.497 | G72: 46240.417 | H72: 46240.55 | I72: 46240.625 | J72: 46240.649 | K72: 已完工 | L72: 派单超时 | M72: 46240.417 | N72: 46240.759 | O72: 0 | P72: 2 | Q72: =IF(AND(ISNUMBER(H72),H72<=G72),1,0) -> 0 | R72: =IF(AND(ISNUMBER(J72),J72<=I72),1,0) -> 0 | S72: =IF(V72="无",0,1) -> 1 | T72: =IF(AND(S72=1,ISNUMBER(N72)),1,0) -> 1 | U72: =IF(AND(S72=1,T72=0),1,0) -> 0 | V72: =IF(AND(ISNUMBER(F72),F72<=G72),IF(AND(ISNUMBER(H72),H72<=G72),IF(AND(ISNUMBER(J72),J72<=I72),"无","完工超时"),"上门超时"),"派单超时") -> 派单超时 | W72: =IF(L72=V72,1,0) -> 1
A73: HS2026080072 | B73: 北京 | C73: 拆旧 | D73: BJ02 | E73: 46237.632 | F73: 46237.751 | G73: 46238.417 | H73: 46238.407 | I73: 46238.542 | J73: 46238.446 | K73: 已完工 | L73: 无 | O73: 0 | Q73: =IF(AND(ISNUMBER(H73),H73<=G73),1,0) -> 1 | R73: =IF(AND(ISNUMBER(J73),J73<=I73),1,0) -> 1 | S73: =IF(V73="无",0,1) -> 0 | T73: =IF(AND(S73=1,ISNUMBER(N73)),1,0) -> 0 | U73: =IF(AND(S73=1,T73=0),1,0) -> 0 | V73: =IF(AND(ISNUMBER(F73),F73<=G73),IF(AND(ISNUMBER(H73),H73<=G73),IF(AND(ISNUMBER(J73),J73<=I73),"无","完工超时"),"上门超时"),"派单超时") -> 无 | W73: =IF(L73=V73,1,0) -> 1
A74: HS2026080073 | B74: 重庆 | C74: 维修 | D74: CQ01 | E74: 46237.632 | F74: 46237.674 | G74: 46238.625 | H74: 46238.599 | I74: 46238.833 | J74: 46238.657 | K74: 已完工 | L74: 无 | O74: 0 | P74: 4 | Q74: =IF(AND(ISNUMBER(H74),H74<=G74),1,0) -> 1 | R74: =IF(AND(ISNUMBER(J74),J74<=I74),1,0) -> 1 | S74: =IF(V74="无",0,1) -> 0 | T74: =IF(AND(S74=1,ISNUMBER(N74)),1,0) -> 0 | U74: =IF(AND(S74=1,T74=0),1,0) -> 0 | V74: =IF(AND(ISNUMBER(F74),F74<=G74),IF(AND(ISNUMBER(H74),H74<=G74),IF(AND(ISNUMBER(J74),J74<=I74),"无","完工超时"),"上门超时"),"派单超时") -> 无 | W74: =IF(L74=V74,1,0) -> 1
A75: HS2026080074 | B75: 北京 | C75: 安装 | D75: BJ02 | E75: 46237.635 | F75: 46237.748 | G75: 46238.625 | H75: 46238.611 | I75: 46238.792 | K75: 未完工 | L75: 完工超时 | M75: 46238.792 | O75: 0 | Q75: =IF(AND(ISNUMBER(H75),H75<=G75),1,0) -> 1 | R75: =IF(AND(ISNUMBER(J75),J75<=I75),1,0) -> 0 | S75: =IF(V75="无",0,1) -> 1 | T75: =IF(AND(S75=1,ISNUMBER(N75)),1,0) -> 0 | U75: =IF(AND(S75=1,T75=0),1,0) -> 1 | V75: =IF(AND(ISNUMBER(F75),F75<=G75),IF(AND(ISNUMBER(H75),H75<=G75),IF(AND(ISNUMBER(J75),J75<=I75),"无","完工超时"),"上门超时"),"派单超时") -> 完工超时 | W75: =IF(L75=V75,1,0) -> 1
A76: HS2026080075 | B76: 重庆 | C76: 安装 | D76: CQ02 | E76: 46237.639 | F76: 46237.783 | G76: 46239.708 | H76: 46239.687 | I76: 46239.875 | J76: 46239.79 | K76: 已完工 | L76: 无 | O76: 1 | P76: 3 | Q76: =IF(AND(ISNUMBER(H76),H76<=G76),1,0) -> 1 | R76: =IF(AND(ISNUMBER(J76),J76<=I76),1,0) -> 1 | S76: =IF(V76="无",0,1) -> 0 | T76: =IF(AND(S76=1,ISNUMBER(N76)),1,0) -> 0 | U76: =IF(AND(S76=1,T76=0),1,0) -> 0 | V76: =IF(AND(ISNUMBER(F76),F76<=G76),IF(AND(ISNUMBER(H76),H76<=G76),IF(AND(ISNUMBER(J76),J76<=I76),"无","完工超时"),"上门超时"),"派单超时") -> 无 | W76: =IF(L76=V76,1,0) -> 1
A77: HS2026080076 | B77: 重庆 | C77: 拆旧 | D77: CQ01 | E77: 46237.701 | F77: 46237.759 | G77: 46239.5 | H77: 46239.457 | I77: 46239.625 | J77: 46239.503 | K77: 已完工 | L77: 无 | O77: 0 | P77: 4 | Q77: =IF(AND(ISNUMBER(H77),H77<=G77),1,0) -> 1 | R77: =IF(AND(ISNUMBER(J77),J77<=I77),1,0) -> 1 | S77: =IF(V77="无",0,1) -> 0 | T77: =IF(AND(S77=1,ISNUMBER(N77)),1,0) -> 0 | U77: =IF(AND(S77=1,T77=0),1,0) -> 0 | V77: =IF(AND(ISNUMBER(F77),F77<=G77),IF(AND(ISNUMBER(H77),H77<=G77),IF(AND(ISNUMBER(J77),J77<=I77),"无","完工超时"),"上门超时"),"派单超时") -> 无 | W77: =IF(L77=V77,1,0) -> 1
A78: HS2026080077 | B78: 重庆 | C78: 维修 | D78: CQ01 | E78: 46237.722 | F78: 46237.746 | G78: 46239.625 | H78: 46239.617 | I78: 46239.833 | J78: 46239.667 | K78: 已完工 | L78: 无 | O78: 1 | P78: 2 | Q78: =IF(AND(ISNUMBER(H78),H78<=G78),1,0) -> 1 | R78: =IF(AND(ISNUMBER(J78),J78<=I78),1,0) -> 1 | S78: =IF(V78="无",0,1) -> 0 | T78: =IF(AND(S78=1,ISNUMBER(N78)),1,0) -> 0 | U78: =IF(AND(S78=1,T78=0),1,0) -> 0 | V78: =IF(AND(ISNUMBER(F78),F78<=G78),IF(AND(ISNUMBER(H78),H78<=G78),IF(AND(ISNUMBER(J78),J78<=I78),"无","完工超时"),"上门超时"),"派单超时") -> 无 | W78: =IF(L78=V78,1,0) -> 1
A79: HS2026080078 | B79: 重庆 | C79: 拆旧 | D79: CQ01 | E79: 46237.747 | F79: 46237.895 | G79: 46239.625 | H79: 46239.644 | I79: 46239.75 | J79: 46239.742 | K79: 已完工 | L79: 上门超时 | M79: 46239.625 | N79: 46239.807 | O79: 0 | P79: 4 | Q79: =IF(AND(ISNUMBER(H79),H79<=G79),1,0) -> 0 | R79: =IF(AND(ISNUMBER(J79),J79<=I79),1,0) -> 1 | S79: =IF(V79="无",0,1) -> 1 | T79: =IF(AND(S79=1,ISNUMBER(N79)),1,0) -> 1 | U79: =IF(AND(S79=1,T79=0),1,0) -> 0 | V79: =IF(AND(ISNUMBER(F79),F79<=G79),IF(AND(ISNUMBER(H79),H79<=G79),IF(AND(ISNUMBER(J79),J79<=I79),"无","完工超时"),"上门超时"),"派单超时") -> 上门超时 | W79: =IF(L79=V79,1,0) -> 1
A80: HS2026080079 | B80: 北京 | C80: 安装 | D80: BJ01 | E80: 46237.757 | F80: 46237.81 | G80: 46238.417 | H80: 46238.383 | I80: 46238.583 | J80: 46238.435 | K80: 已完工 | L80: 无 | O80: 0 | Q80: =IF(AND(ISNUMBER(H80),H80<=G80),1,0) -> 1 | R80: =IF(AND(ISNUMBER(J80),J80<=I80),1,0) -> 1 | S80: =IF(V80="无",0,1) -> 0 | T80: =IF(AND(S80=1,ISNUMBER(N80)),1,0) -> 0 | U80: =IF(AND(S80=1,T80=0),1,0) -> 0 | V80: =IF(AND(ISNUMBER(F80),F80<=G80),IF(AND(ISNUMBER(H80),H80<=G80),IF(AND(ISNUMBER(J80),J80<=I80),"无","完工超时"),"上门超时"),"派单超时") -> 无 | W80: =IF(L80=V80,1,0) -> 1
A81: HS2026080080 | B81: 北京 | C81: 维修 | D81: BJ01 | E81: 46237.764 | F81: 46237.838 | G81: 46239.417 | H81: 46239.472 | I81: 46239.625 | J81: 46239.524 | K81: 已完工 | L81: 上门超时 | M81: 46239.417 | N81: 46239.556 | O81: 0 | P81: 4 | Q81: =IF(AND(ISNUMBER(H81),H81<=G81),1,0) -> 0 | R81: =IF(AND(ISNUMBER(J81),J81<=I81),1,0) -> 1 | S81: =IF(V81="无",0,1) -> 1 | T81: =IF(AND(S81=1,ISNUMBER(N81)),1,0) -> 1 | U81: =IF(AND(S81=1,T81=0),1,0) -> 0 | V81: =IF(AND(ISNUMBER(F81),F81<=G81),IF(AND(ISNUMBER(H81),H81<=G81),IF(AND(ISNUMBER(J81),J81<=I81),"无","完工超时"),"上门超时"),"派单超时") -> 上门超时 | W81: =IF(L81=V81,1,0) -> 1
A82: HS2026080081 | B82: 北京 | C82: 维修 | D82: BJ01 | E82: 46238.333 | F82: 46238.401 | G82: 46239.625 | H82: 46239.599 | I82: 46239.833 | J82: 46239.649 | K82: 已完工 | L82: 无 | O82: 0 | Q82: =IF(AND(ISNUMBER(H82),H82<=G82),1,0) -> 1 | R82: =IF(AND(ISNUMBER(J82),J82<=I82),1,0) -> 1 | S82: =IF(V82="无",0,1) -> 0 | T82: =IF(AND(S82=1,ISNUMBER(N82)),1,0) -> 0 | U82: =IF(AND(S82=1,T82=0),1,0) -> 0 | V82: =IF(AND(ISNUMBER(F82),F82<=G82),IF(AND(ISNUMBER(H82),H82<=G82),IF(AND(ISNUMBER(J82),J82<=I82),"无","完工超时"),"上门超时"),"派单超时") -> 无 | W82: =IF(L82=V82,1,0) -> 1
A83: HS2026080082 | B83: 武汉 | C83: 维修 | D83: WH01 | E83: 46238.34 | F83: 46238.442 | G83: 46241.625 | H83: 46241.583 | I83: 46241.833 | J83: 46241.643 | K83: 已完工 | L83: 无 | O83: 0 | P83: 4 | Q83: =IF(AND(ISNUMBER(H83),H83<=G83),1,0) -> 1 | R83: =IF(AND(ISNUMBER(J83),J83<=I83),1,0) -> 1 | S83: =IF(V83="无",0,1) -> 0 | T83: =IF(AND(S83=1,ISNUMBER(N83)),1,0) -> 0 | U83: =IF(AND(S83=1,T83=0),1,0) -> 0 | V83: =IF(AND(ISNUMBER(F83),F83<=G83),IF(AND(ISNUMBER(H83),H83<=G83),IF(AND(ISNUMBER(J83),J83<=I83),"无","完工超时"),"上门超时"),"派单超时") -> 无 | W83: =IF(L83=V83,1,0) -> 1
A84: HS2026080083 | B84: 武汉 | C84: 维修 | D84: WH02 | E84: 46238.385 | F84: 46238.438 | G84: 46239.417 | H84: 46239.443 | I84: 46239.625 | J84: 46239.491 | K84: 已完工 | L84: 上门超时 | M84: 46239.417 | N84: 46239.619 | O84: 1 | P84: 3 | Q84: =IF(AND(ISNUMBER(H84),H84<=G84),1,0) -> 0 | R84: =IF(AND(ISNUMBER(J84),J84<=I84),1,0) -> 1 | S84: =IF(V84="无",0,1) -> 1 | T84: =IF(AND(S84=1,ISNUMBER(N84)),1,0) -> 1 | U84: =IF(AND(S84=1,T84=0),1,0) -> 0 | V84: =IF(AND(ISNUMBER(F84),F84<=G84),IF(AND(ISNUMBER(H84),H84<=G84),IF(AND(ISNUMBER(J84),J84<=I84),"无","完工超时"),"上门超时"),"派单超时") -> 上门超时 | W84: =IF(L84=V84,1,0) -> 1
A85: HS2026080084 | B85: 武汉 | C85: 维修 | D85: WH02 | E85: 46238.396 | F85: 46238.459 | G85: 46239.625 | H85: 46239.573 | I85: 46239.833 | J85: 46239.674 | K85: 已完工 | L85: 无 | O85: 0 | P85: 4 | Q85: =IF(AND(ISNUMBER(H85),H85<=G85),1,0) -> 1 | R85: =IF(AND(ISNUMBER(J85),J85<=I85),1,0) -> 1 | S85: =IF(V85="无",0,1) -> 0 | T85: =IF(AND(S85=1,ISNUMBER(N85)),1,0) -> 0 | U85: =IF(AND(S85=1,T85=0),1,0) -> 0 | V85: =IF(AND(ISNUMBER(F85),F85<=G85),IF(AND(ISNUMBER(H85),H85<=G85),IF(AND(ISNUMBER(J85),J85<=I85),"无","完工超时"),"上门超时"),"派单超时") -> 无 | W85: =IF(L85=V85,1,0) -> 1
A86: HS2026080085 | B86: 北京 | C86: 安装 | D86: BJ02 | E86: 46238.406 | F86: 46238.436 | G86: 46239.708 | H86: 46239.69 | I86: 46239.875 | J86: 46239.747 | K86: 已完工 | L86: 无 | O86: 0 | P86: 3 | Q86: =IF(AND(ISNUMBER(H86),H86<=G86),1,0) -> 1 | R86: =IF(AND(ISNUMBER(J86),J86<=I86),1,0) -> 1 | S86: =IF(V86="无",0,1) -> 0 | T86: =IF(AND(S86=1,ISNUMBER(N86)),1,0) -> 0 | U86: =IF(AND(S86=1,T86=0),1,0) -> 0 | V86: =IF(AND(ISNUMBER(F86),F86<=G86),IF(AND(ISNUMBER(H86),H86<=G86),IF(AND(ISNUMBER(J86),J86<=I86),"无","完工超时"),"上门超时"),"派单超时") -> 无 | W86: =IF(L86=V86,1,0) -> 1
A87: HS2026080086 | B87: 重庆 | C87: 维修 | D87: CQ01 | E87: 46238.41 | F87: 46238.55 | G87: 46239.625 | H87: 46239.613 | I87: 46239.833 | J87: 46239.698 | K87: 已完工 | L87: 无 | O87: 0 | Q87: =IF(AND(ISNUMBER(H87),H87<=G87),1,0) -> 1 | R87: =IF(AND(ISNUMBER(J87),J87<=I87),1,0) -> 1 | S87: =IF(V87="无",0,1) -> 0 | T87: =IF(AND(S87=1,ISNUMBER(N87)),1,0) -> 0 | U87: =IF(AND(S87=1,T87=0),1,0) -> 0 | V87: =IF(AND(ISNUMBER(F87),F87<=G87),IF(AND(ISNUMBER(H87),H87<=G87),IF(AND(ISNUMBER(J87),J87<=I87),"无","完工超时"),"上门超时"),"派单超时") -> 无 | W87: =IF(L87=V87,1,0) -> 1
A88: HS2026080087 | B88: 北京 | C88: 安装 | D88: BJ01 | E88: 46238.451 | F88: 46238.596 | G88: 46239.708 | H88: 46239.675 | I88: 46239.875 | J88: 46239.76 | K88: 已完工 | L88: 无 | O88: 0 | P88: 4 | Q88: =IF(AND(ISNUMBER(H88),H88<=G88),1,0) -> 1 | R88: =IF(AND(ISNUMBER(J88),J88<=I88),1,0) -> 1 | S88: =IF(V88="无",0,1) -> 0 | T88: =IF(AND(S88=1,ISNUMBER(N88)),1,0) -> 0 | U88: =IF(AND(S88=1,T88=0),1,0) -> 0 | V88: =IF(AND(ISNUMBER(F88),F88<=G88),IF(AND(ISNUMBER(H88),H88<=G88),IF(AND(ISNUMBER(J88),J88<=I88),"无","完工超时"),"上门超时"),"派单超时") -> 无 | W88: =IF(L88=V88,1,0) -> 1
A89: HS2026080088 | B89: 重庆 | C89: 安装 | D89: CQ01 | E89: 46238.455 | F89: 46238.58 | G89: 46239.5 | H89: 46239.449 | I89: 46239.667 | J89: 46239.485 | K89: 已完工 | L89: 无 | O89: 0 | P89: 4 | Q89: =IF(AND(ISNUMBER(H89),H89<=G89),1,0) -> 1 | R89: =IF(AND(ISNUMBER(J89),J89<=I89),1,0) -> 1 | S89: =IF(V89="无",0,1) -> 0 | T89: =IF(AND(S89=1,ISNUMBER(N89)),1,0) -> 0 | U89: =IF(AND(S89=1,T89=0),1,0) -> 0 | V89: =IF(AND(ISNUMBER(F89),F89<=G89),IF(AND(ISNUMBER(H89),H89<=G89),IF(AND(ISNUMBER(J89),J89<=I89),"无","完工超时"),"上门超时"),"派单超时") -> 无 | W89: =IF(L89=V89,1,0) -> 1
A90: HS2026080089 | B90: 北京 | C90: 安装 | D90: BJ02 | E90: 46238.462 | F90: 46238.537 | G90: 46240.708 | H90: 46240.691 | I90: 46240.875 | J90: 46240.753 | K90: 已完工 | L90: 无 | O90: 0 | P90: 5 | Q90: =IF(AND(ISNUMBER(H90),H90<=G90),1,0) -> 1 | R90: =IF(AND(ISNUMBER(J90),J90<=I90),1,0) -> 1 | S90: =IF(V90="无",0,1) -> 0 | T90: =IF(AND(S90=1,ISNUMBER(N90)),1,0) -> 0 | U90: =IF(AND(S90=1,T90=0),1,0) -> 0 | V90: =IF(AND(ISNUMBER(F90),F90<=G90),IF(AND(ISNUMBER(H90),H90<=G90),IF(AND(ISNUMBER(J90),J90<=I90),"无","完工超时"),"上门超时"),"派单超时") -> 无 | W90: =IF(L90=V90,1,0) -> 1
A91: HS2026080090 | B91: 北京 | C91: 安装 | D91: BJ02 | E91: 46238.479 | F91: 46238.553 | G91: 46239.5 | H91: 46239.471 | I91: 46239.667 | J91: 46239.558 | K91: 已完工 | L91: 无 | O91: 0 | P91: 5 | Q91: =IF(AND(ISNUMBER(H91),H91<=G91),1,0) -> 1 | R91: =IF(AND(ISNUMBER(J91),J91<=I91),1,0) -> 1 | S91: =IF(V91="无",0,1) -> 0 | T91: =IF(AND(S91=1,ISNUMBER(N91)),1,0) -> 0 | U91: =IF(AND(S91=1,T91=0),1,0) -> 0 | V91: =IF(AND(ISNUMBER(F91),F91<=G91),IF(AND(ISNUMBER(H91),H91<=G91),IF(AND(ISNUMBER(J91),J91<=I91),"无","完工超时"),"上门超时"),"派单超时") -> 无 | W91: =IF(L91=V91,1,0) -> 1
A92: HS2026080091 | B92: 重庆 | C92: 维修 | D92: CQ01 | E92: 46238.49 | F92: 46238.561 | G92: 46241.708 | H92: 46241.683 | I92: 46241.917 | J92: 46241.732 | K92: 已完工 | L92: 无 | O92: 0 | P92: 5 | Q92: =IF(AND(ISNUMBER(H92),H92<=G92),1,0) -> 1 | R92: =IF(AND(ISNUMBER(J92),J92<=I92),1,0) -> 1 | S92: =IF(V92="无",0,1) -> 0 | T92: =IF(AND(S92=1,ISNUMBER(N92)),1,0) -> 0 | U92: =IF(AND(S92=1,T92=0),1,0) -> 0 | V92: =IF(AND(ISNUMBER(F92),F92<=G92),IF(AND(ISNUMBER(H92),H92<=G92),IF(AND(ISNUMBER(J92),J92<=I92),"无","完工超时"),"上门超时"),"派单超时") -> 无 | W92: =IF(L92=V92,1,0) -> 1
A93: HS2026080092 | B93: 武汉 | C93: 维修 | D93: WH02 | E93: 46238.493 | F93: 46238.524 | G93: 46239.417 | H93: 46239.443 | I93: 46239.625 | J93: 46239.502 | K93: 已完工 | L93: 上门超时 | M93: 46239.417 | O93: 0 | Q93: =IF(AND(ISNUMBER(H93),H93<=G93),1,0) -> 0 | R93: =IF(AND(ISNUMBER(J93),J93<=I93),1,0) -> 1 | S93: =IF(V93="无",0,1) -> 1 | T93: =IF(AND(S93=1,ISNUMBER(N93)),1,0) -> 0 | U93: =IF(AND(S93=1,T93=0),1,0) -> 1 | V93: =IF(AND(ISNUMBER(F93),F93<=G93),IF(AND(ISNUMBER(H93),H93<=G93),IF(AND(ISNUMBER(J93),J93<=I93),"无","完工超时"),"上门超时"),"派单超时") -> 上门超时 | W93: =IF(L93=V93,1,0) -> 1
A94: HS2026080093 | B94: 武汉 | C94: 维修 | D94: WH02 | E94: 46238.507 | F94: 46240.673 | G94: 46240.625 | H94: 46240.712 | I94: 46240.833 | J94: 46240.774 | K94: 已完工 | L94: 派单超时 | M94: 46240.625 | O94: 0 | P94: 3 | Q94: =IF(AND(ISNUMBER(H94),H94<=G94),1,0) -> 0 | R94: =IF(AND(ISNUMBER(J94),J94<=I94),1,0) -> 1 | S94: =IF(V94="无",0,1) -> 1 | T94: =IF(AND(S94=1,ISNUMBER(N94)),1,0) -> 0 | U94: =IF(AND(S94=1,T94=0),1,0) -> 1 | V94: =IF(AND(ISNUMBER(F94),F94<=G94),IF(AND(ISNUMBER(H94),H94<=G94),IF(AND(ISNUMBER(J94),J94<=I94),"无","完工超时"),"上门超时"),"派单超时") -> 派单超时 | W94: =IF(L94=V94,1,0) -> 1
A95: HS2026080094 | B95: 武汉 | C95: 维修 | D95: WH02 | E95: 46238.51 | F95: 46238.658 | G95: 46239.417 | H95: 46239.385 | I95: 46239.625 | J95: 46239.428 | K95: 已完工 | L95: 无 | O95: 0 | Q95: =IF(AND(ISNUMBER(H95),H95<=G95),1,0) -> 1 | R95: =IF(AND(ISNUMBER(J95),J95<=I95),1,0) -> 1 | S95: =IF(V95="无",0,1) -> 0 | T95: =IF(AND(S95=1,ISNUMBER(N95)),1,0) -> 0 | U95: =IF(AND(S95=1,T95=0),1,0) -> 0 | V95: =IF(AND(ISNUMBER(F95),F95<=G95),IF(AND(ISNUMBER(H95),H95<=G95),IF(AND(ISNUMBER(J95),J95<=I95),"无","完工超时"),"上门超时"),"派单超时") -> 无 | W95: =IF(L95=V95,1,0) -> 1
A96: HS2026080095 | B96: 武汉 | C96: 安装 | D96: WH01 | E96: 46238.514 | F96: 46238.599 | G96: 46239.708 | H96: 46239.657 | I96: 46239.875 | J96: 46239.747 | K96: 已完工 | L96: 无 | O96: 0 | P96: 4 | Q96: =IF(AND(ISNUMBER(H96),H96<=G96),1,0) -> 1 | R96: =IF(AND(ISNUMBER(J96),J96<=I96),1,0) -> 1 | S96: =IF(V96="无",0,1) -> 0 | T96: =IF(AND(S96=1,ISNUMBER(N96)),1,0) -> 0 | U96: =IF(AND(S96=1,T96=0),1,0) -> 0 | V96: =IF(AND(ISNUMBER(F96),F96<=G96),IF(AND(ISNUMBER(H96),H96<=G96),IF(AND(ISNUMBER(J96),J96<=I96),"无","完工超时"),"上门超时"),"派单超时") -> 无 | W96: =IF(L96=V96,1,0) -> 1
A97: HS2026080096 | B97: 北京 | C97: 安装 | D97: BJ02 | E97: 46238.524 | F97: 46238.604 | G97: 46240.625 | H97: 46240.582 | I97: 46240.792 | J97: 46240.674 | K97: 已完工 | L97: 无 | O97: 0 | P97: 5 | Q97: =IF(AND(ISNUMBER(H97),H97<=G97),1,0) -> 1 | R97: =IF(AND(ISNUMBER(J97),J97<=I97),1,0) -> 1 | S97: =IF(V97="无",0,1) -> 0 | T97: =IF(AND(S97=1,ISNUMBER(N97)),1,0) -> 0 | U97: =IF(AND(S97=1,T97=0),1,0) -> 0 | V97: =IF(AND(ISNUMBER(F97),F97<=G97),IF(AND(ISNUMBER(H97),H97<=G97),IF(AND(ISNUMBER(J97),J97<=I97),"无","完工超时"),"上门超时"),"派单超时") -> 无 | W97: =IF(L97=V97,1,0) -> 1
A98: HS2026080097 | B98: 北京 | C98: 维修 | D98: BJ02 | E98: 46238.531 | F98: 46238.604 | G98: 46240.417 | H98: 46240.373 | I98: 46240.625 | J98: 46240.431 | K98: 已完工 | L98: 无 | O98: 0 | P98: 5 | Q98: =IF(AND(ISNUMBER(H98),H98<=G98),1,0) -> 1 | R98: =IF(AND(ISNUMBER(J98),J98<=I98),1,0) -> 1 | S98: =IF(V98="无",0,1) -> 0 | T98: =IF(AND(S98=1,ISNUMBER(N98)),1,0) -> 0 | U98: =IF(AND(S98=1,T98=0),1,0) -> 0 | V98: =IF(AND(ISNUMBER(F98),F98<=G98),IF(AND(ISNUMBER(H98),H98<=G98),IF(AND(ISNUMBER(J98),J98<=I98),"无","完工超时"),"上门超时"),"派单超时") -> 无 | W98: =IF(L98=V98,1,0) -> 1
A99: HS2026080098 | B99: 武汉 | C99: 安装 | D99: WH01 | E99: 46238.531 | F99: 46238.658 | G99: 46239.708 | H99: 46239.699 | I99: 46239.875 | J99: 46239.797 | K99: 已完工 | L99: 无 | O99: 0 | P99: 5 | Q99: =IF(AND(ISNUMBER(H99),H99<=G99),1,0) -> 1 | R99: =IF(AND(ISNUMBER(J99),J99<=I99),1,0) -> 1 | S99: =IF(V99="无",0,1) -> 0 | T99: =IF(AND(S99=1,ISNUMBER(N99)),1,0) -> 0 | U99: =IF(AND(S99=1,T99=0),1,0) -> 0 | V99: =IF(AND(ISNUMBER(F99),F99<=G99),IF(AND(ISNUMBER(H99),H99<=G99),IF(AND(ISNUMBER(J99),J99<=I99),"无","完工超时"),"上门超时"),"派单超时") -> 无 | W99: =IF(L99=V99,1,0) -> 1
A100: HS2026080099 | B100: 重庆 | C100: 安装 | D100: CQ02 | E100: 46238.535 | F100: 46238.679 | G100: 46240.417 | H100: 46240.408 | I100: 46240.583 | J100: 46240.485 | K100: 已完工 | L100: 无 | O100: 0 | P100: 5 | Q100: =IF(AND(ISNUMBER(H100),H100<=G100),1,0) -> 1 | R100: =IF(AND(ISNUMBER(J100),J100<=I100),1,0) -> 1 | S100: =IF(V100="无",0,1) -> 0 | T100: =IF(AND(S100=1,ISNUMBER(N100)),1,0) -> 0 | U100: =IF(AND(S100=1,T100=0),1,0) -> 0 | V100: =IF(AND(ISNUMBER(F100),F100<=G100),IF(AND(ISNUMBER(H100),H100<=G100),IF(AND(ISNUMBER(J100),J100<=I100),"无","完工超时"),"上门超时"),"派单超时") -> 无 | W100: =IF(L100=V100,1,0) -> 1
...
